Id,ActivityDate,group_label,TotalSteps,TotalActivityMinutes
1503960366,2016-03-25 00:00:00+00:00,1,0.6542104926813956,0.19547011561400765
1503960366,2016-03-26 00:00:00+00:00,0,1.7226039288663337,1.6239686343271489
1503960366,2016-03-27 00:00:00+00:00,1,0.9521374099333648,0.8977783886127502
1503960366,2016-03-28 00:00:00+00:00,1,1.034621032501176,0.5162675825985193
1503960366,2016-03-29 00:00:00+00:00,1,0.8344059879794472,0.5281909381888413
1503960366,2016-03-30 00:00:00+00:00,1,0.6482041718457132,0.26285450490169393
1503960366,2016-03-31 00:00:00+00:00,1,0.8710746808741757,0.40235957549078316
1503960366,2016-04-01 00:00:00+00:00,1,0.8720947490725767,0.5281909381888413
1503960366,2016-04-02 00:00:00+00:00,1,0.6971258260836017,0.5460526593063834
1503960366,2016-04-03 00:00:00+00:00,1,0.4769104528170806,0.7407549344286403
1503960366,2016-04-04 00:00:00+00:00,0,1.2504298236764708,0.9208769955545051
1503960366,2016-04-05 00:00:00+00:00,0,1.2962182945263694,1.1212859529517667
1503960366,2016-04-06 00:00:00+00:00,1,0.8229322776281716,0.22615452437630898
1503960366,2016-04-07 00:00:00+00:00,1,0.5100154525827555,-0.06615779931256478
1503960366,2016-04-08 00:00:00+00:00,1,0.915962701383392,0.5935489776785222
1503960366,2016-04-09 00:00:00+00:00,1,0.9009245243390859,0.47443668379899634
1503960366,2016-04-10 00:00:00+00:00,1,0.4843864205774097,0.18317021331983846
1503960366,2016-04-11 00:00:00+00:00,1,0.6517380895081033,0.15852499298508824
1624580081,2016-03-25 00:00:00+00:00,3,-1.4100996366926692,-1.189669451428347
1624580081,2016-03-26 00:00:00+00:00,4,-1.7843055500494789,-1.791908553280271
1624580081,2016-03-27 00:00:00+00:00,3,-1.3529274996418577,-1.2577125856755391
1624580081,2016-03-28 00:00:00+00:00,3,-1.378834660021995,-1.3893439354409034
1624580081,2016-03-29 00:00:00+00:00,4,-1.498064667336623,-1.6257124752807002
1624580081,2016-03-30 00:00:00+00:00,4,-1.455536868333096,-1.4770187422275411
1624580081,2016-03-31 00:00:00+00:00,3,-0.6618596817734872,-0.813944434443339
1624580081,2016-04-01 00:00:00+00:00,2,0.3291918625954668,-0.48706457929714614
1624580081,2016-04-02 00:00:00+00:00,4,-1.4966635019041963,-1.4448857808532793
1624580081,2016-04-03 00:00:00+00:00,3,-1.0757467703107422,-0.9267797679676703
1624580081,2016-04-04 00:00:00+00:00,1,1.8495938519950617,-0.16780758497759818
1624580081,2016-04-05 00:00:00+00:00,4,-1.5761006118573897,-1.5587381697919978
1624580081,2016-04-06 00:00:00+00:00,4,-1.7043794308244717,-1.7205470341166247
1624580081,2016-04-07 00:00:00+00:00,4,-1.661484054517826,-1.729347450395666
1624580081,2016-04-08 00:00:00+00:00,3,-0.24524516599238225,-1.0274100516779434
1624580081,2016-04-09 00:00:00+00:00,3,-0.896308282767364,-1.1821728211513887
1624580081,2016-04-10 00:00:00+00:00,3,-0.8092363728354237,-0.48706457929714614
1624580081,2016-04-11 00:00:00+00:00,2,0.47399009765237726,-0.8209335686515792
1644430081,2016-04-01 00:00:00+00:00,1,-0.6306432281791896,1.8584724956026226
1644430081,2016-04-02 00:00:00+00:00,0,2.1065597692535842,2.459902768183614
1644430081,2016-04-03 00:00:00+00:00,0,0.9815913413753741,1.161014901577082
1644430081,2016-04-04 00:00:00+00:00,3,-1.1014815322026534,-1.295984244920761
1644430081,2016-04-05 00:00:00+00:00,1,0.4595467969951222,0.046849196556421085
1644430081,2016-04-06 00:00:00+00:00,2,0.10382829523053656,-0.1486584627079845
1644430081,2016-04-07 00:00:00+00:00,1,0.6827401508521224,0.3600943765202958
1644430081,2016-04-08 00:00:00+00:00,2,0.06345824448622792,-0.1805972989984035
1644430081,2016-04-09 00:00:00+00:00,1,1.1346338862970156,0.6762070950030914
1644430081,2016-04-10 00:00:00+00:00,4,-1.5783188704207498,-1.9037957090830444
1844505072,2016-04-01 00:00:00+00:00,2,-0.13899777892958945,-0.00320608153640056
1844505072,2016-04-02 00:00:00+00:00,2,-0.46048518011565576,-0.21265554030339773
1844505072,2016-04-03 00:00:00+00:00,3,-1.0952336164238845,-1.0784576354013335
1844505072,2016-04-04 00:00:00+00:00,4,-2.3348296183588655,-2.324469545819364
1844505072,2016-04-06 00:00:00+00:00,4,-2.3098355133028856,-2.299996328483598
1844505072,2016-04-07 00:00:00+00:00,2,-0.24524516599238225,-0.040925118992231085
1844505072,2016-04-08 00:00:00+00:00,2,-0.472081656440077,-0.48706457929714614
1844505072,2016-04-09 00:00:00+00:00,3,-0.549714422307897,-0.7375850193610596
1844505072,2016-04-10 00:00:00+00:00,2,-0.2001181704419731,0.053087458998078485
1844505072,2016-04-11 00:00:00+00:00,2,-0.4462132290339686,-0.2900990711913111
1927972279,2016-04-01 00:00:00+00:00,3,-0.7078122218794529,-0.5337726297412392
1927972279,2016-04-02 00:00:00+00:00,2,-0.3941480677580809,-0.18699930913442295
1927972279,2016-04-03 00:00:00+00:00,3,-0.9960938607612708,-1.0056865110106856
1927972279,2016-04-04 00:00:00+00:00,3,-1.2384571498778558,-1.137446795367201
1927972279,2016-04-05 00:00:00+00:00,3,-1.2745316612963227,-1.2883017950172242
1927972279,2016-04-06 00:00:00+00:00,4,-1.6044635481093228,-1.5670275944780008
1927972279,2016-04-07 00:00:00+00:00,4,-1.8051556151785202,-1.8284876418182276
1927972279,2016-04-08 00:00:00+00:00,4,-1.9242639340968852,-1.9134389026409044
1927972279,2016-04-09 00:00:00+00:00,3,-1.1872836863437832,-0.9625045765490129
1927972279,2016-04-10 00:00:00+00:00,3,-1.314741403808023,-1.0565172709915815
1927972279,2016-04-11 00:00:00+00:00,4,-1.6234507496114552,-1.5670275944780008
2022484408,2016-04-01 00:00:00+00:00,0,1.0958994212936262,0.9841879113647611
2022484408,2016-04-02 00:00:00+00:00,2,-0.4356036206573689,-0.38139374175816004
2022484408,2016-04-03 00:00:00+00:00,1,0.6788742956385742,0.6172246571236314
2022484408,2016-04-04 00:00:00+00:00,0,1.3703822676334705,0.9612010943834481
2022484408,2016-04-05 00:00:00+00:00,1,0.6189627644984494,1.092837931868025
2022484408,2016-04-06 00:00:00+00:00,0,1.382795984969017,1.1099138167768983
2022484408,2016-04-07 00:00:00+00:00,0,1.8175621530725234,1.7170848869611317
2022484408,2016-04-08 00:00:00+00:00,1,1.0000951503792757,0.8630525809230365
2022484408,2016-04-09 00:00:00+00:00,0,1.5188332486242202,1.0128654329959526
2022484408,2016-04-10 00:00:00+00:00,1,0.47490288420223403,0.5579450446398079
2022484408,2016-04-11 00:00:00+00:00,1,0.4933071362925259,0.787485874852429
2026352035,2016-04-01 00:00:00+00:00,3,-1.1631769447510314,-0.8630411637470223
2026352035,2016-04-02 00:00:00+00:00,4,-1.615823495390882,-1.6004165753698756
2026352035,2016-04-03 00:00:00+00:00,3,-1.2518329070198573,-1.2349140911005474
2026352035,2016-04-04 00:00:00+00:00,2,-0.17417025915162537,-0.21265554030339773
2026352035,2016-04-05 00:00:00+00:00,2,-0.397937508599308,-0.30957458062481613
2026352035,2016-04-06 00:00:00+00:00,3,-1.0009965110688812,-0.7306892630197808
2026352035,2016-04-07 00:00:00+00:00,3,-1.1163175963190046,-0.8349362891988105
2026352035,2016-04-08 00:00:00+00:00,3,-0.8470243945809908,-0.813944434443339
2026352035,2016-04-09 00:00:00+00:00,3,-1.0234549698072521,-0.7306892630197808
2026352035,2016-04-10 00:00:00+00:00,2,-0.5119427687763999,-0.4274433161237032
2026352035,2016-04-11 00:00:00+00:00,3,-0.9741502938083532,-0.8771442739292146
2320127002,2016-04-05 00:00:00+00:00,3,-0.5609194770011227,-0.799990336280586
2320127002,2016-04-06 00:00:00+00:00,2,-0.10743451438812149,0.14617944955048934
2320127002,2016-04-07 00:00:00+00:00,3,-1.3981858074401337,-1.4051268587059775
2320127002,2016-04-08 00:00:00+00:00,3,-0.9371967639300274,-0.9553410434481634
2320127002,2016-04-09 00:00:00+00:00,2,-0.5768588871730506,-0.4076739456997546
2320127002,2016-04-10 00:00:00+00:00,3,-1.2613103724360855,-1.326859424264337
2320127002,2016-04-11 00:00:00+00:00,1,0.693971147890774,0.7699824670333781
2347167796,2016-03-29 00:00:00+00:00,1,0.5234164968505005,0.20775502706775853
2347167796,2016-03-30 00:00:00+00:00,1,0.5704150954202136,0.5579450446398079
2347167796,2016-03-31 00:00:00+00:00,2,-0.15717391378123444,-0.2965857079252527
2347167796,2016-04-01 00:00:00+00:00,2,0.1590491085235633,-0.11683641165150797
2347167796,2016-04-02 00:00:00+00:00,0,1.3933066077064158,1.2739105495508016
2347167796,2016-04-03 00:00:00+00:00,2,-0.008085965012515219,0.1708552097541206
2347167796,2016-04-04 00:00:00+00:00,1,0.5201599019547064,0.29333863789944276
2347167796,2016-04-05 00:00:00+00:00,1,0.4947621407019125,0.2750588763303138
2347167796,2016-04-06 00:00:00+00:00,1,0.6723666004667074,0.20775502706775853
2347167796,2016-04-07 00:00:00+00:00,1,0.5320910009760595,0.7699824670333781
2347167796,2016-04-08 00:00:00+00:00,1,0.5120096479709907,0.23228031184914627
2347167796,2016-04-09 00:00:00+00:00,0,1.4901343524576047,1.2795319211683582
2347167796,2016-04-10 00:00:00+00:00,1,0.4882114429536358,0.29942479621671836
2347167796,2016-04-11 00:00:00+00:00,1,0.4741726677390294,0.11524777803426338
2873212765,2016-04-01 00:00:00+00:00,4,-1.7518849034706643,-1.8470302593892183
2873212765,2016-04-02 00:00:00+00:00,3,-1.2807114088557676,-0.6485080069229145
2873212765,2016-04-03 00:00:00+00:00,1,0.023120144335070463,0.3540429489351116
2873212765,2016-04-04 00:00:00+00:00,1,0.42132493692816514,0.7524542724798552
2873212765,2016-04-05 00:00:00+00:00,1,0.17924841558783428,0.47443668379899634
2873212765,2016-04-06 00:00:00+00:00,1,-0.035450223117273146,0.5222308210442423
2873212765,2016-04-07 00:00:00+00:00,1,0.3544872272420221,0.6997188304994498
2873212765,2016-04-08 00:00:00+00:00,1,-0.07487860179002839,0.5103012130181974
2873212765,2016-04-09 00:00:00+00:00,0,1.1773469710621578,0.8746383113986619
2873212765,2016-04-10 00:00:00+00:00,2,-0.47800856470740255,-0.16780758497759818
2873212765,2016-04-11 00:00:00+00:00,1,-0.005661982063368359,0.37218701827683187
2891001357,2016-04-01 00:00:00+00:00,0,-2.3348296183588655,5.351799924680093
2891001357,2016-04-02 00:00:00+00:00,1,-0.7549723218495441,2.4022198458924517
2891001357,2016-04-05 00:00:00+00:00,1,-1.3280176649019486,1.9233250353088116
3372868164,2016-04-01 00:00:00+00:00,2,-0.36684793924633446,0.09043171480075322
3372868164,2016-04-02 00:00:00+00:00,1,0.020109945875942458,0.7173226713867824
3372868164,2016-04-03 00:00:00+00:00,2,-0.6139613967509661,0.01559597509008627
3372868164,2016-04-04 00:00:00+00:00,2,-0.35008111184054697,0.0655517319196697
3372868164,2016-04-05 00:00:00+00:00,2,-0.6729807599810373,-0.30957458062481613
3372868164,2016-04-06 00:00:00+00:00,2,-0.23199376934772917,0.534147943809318
3372868164,2016-04-07 00:00:00+00:00,1,-0.026918189741870355,0.5816931288778407
3372868164,2016-04-08 00:00:00+00:00,2,-0.41896347533980227,-0.09146116190200261
3372868164,2016-04-09 00:00:00+00:00,1,0.25518608482335653,0.799141146249694
3372868164,2016-04-10 00:00:00+00:00,2,-0.6244368962951603,-0.45388294852078354
3977333714,2016-04-01 00:00:00+00:00,3,-0.6635494474324732,-0.8489719969541352
3977333714,2016-04-02 00:00:00+00:00,2,0.018704477397119966,0.10904970102468897
3977333714,2016-04-03 00:00:00+00:00,1,0.7424982477071768,0.7055896170270431
3977333714,2016-04-04 00:00:00+00:00,1,0.8176159452523878,0.8107855552825844
3977333714,2016-04-05 00:00:00+00:00,1,0.8790605458985209,0.8224191624099606
3977333714,2016-04-06 00:00:00+00:00,0,1.3879748557348257,1.1666812049769446
3977333714,2016-04-07 00:00:00+00:00,2,0.17730997861056114,0.028109711182873368
3977333714,2016-04-08 00:00:00+00:00,1,0.5150901077337758,0.4864042246782273
3977333714,2016-04-09 00:00:00+00:00,0,1.254590843201265,0.8107855552825844
3977333714,2016-04-10 00:00:00+00:00,3,-0.8960465265903411,-0.90545432744115
3977333714,2016-04-11 00:00:00+00:00,3,-1.0207050901458519,-1.0931382841958466
4020332650,2016-03-12 00:00:00+00:00,2,-0.4207586506570315,-0.27067006237776053
4020332650,2016-03-13 00:00:00+00:00,3,-0.9884866672344188,-1.0784576354013335
4020332650,2016-03-14 00:00:00+00:00,3,-1.044179098741033,-1.0129176824898773
4020332650,2016-03-15 00:00:00+00:00,2,-0.34018925732618926,-0.3945226605176449
4020332650,2016-03-16 00:00:00+00:00,1,0.9095464987070916,0.6997188304994498
4020332650,2016-03-17 00:00:00+00:00,3,0.2766897560380318,-1.791908553280271
4020332650,2016-03-28 00:00:00+00:00,3,-1.3144264383791833,-0.24483591620362796
4020332650,2016-03-29 00:00:00+00:00,3,-0.7485083790047286,-0.7169200549425822
4020332650,2016-03-30 00:00:00+00:00,2,-0.4530021269359377,-0.24483591620362796
4020332650,2016-03-31 00:00:00+00:00,1,-0.01961851429330537,0.5162675825985193
4020332650,2016-04-01 00:00:00+00:00,2,-0.4641191218985752,-0.047226727113923166
4020332650,2016-04-02 00:00:00+00:00,3,-0.7122250131240754,-0.6213390988226307
4020332650,2016-04-03 00:00:00+00:00,2,-0.29632352985480026,-0.19981774302297758
4020332650,2016-04-04 00:00:00+00:00,2,-0.22708935549622816,-0.30307753606009336
4020332650,2016-04-05 00:00:00+00:00,2,-0.1321245567038236,-0.46713780071282734
4020332650,2016-04-06 00:00:00+00:00,2,-0.009904844913081743,-0.21265554030339773
4020332650,2016-04-07 00:00:00+00:00,2,-0.19483050239835098,-0.2512868958673089
4020332650,2016-04-08 00:00:00+00:00,1,0.5609046033883748,0.414405214850618
4020332650,2016-04-09 00:00:00+00:00,2,0.041937190281776664,0.0655517319196697
4020332650,2016-04-10 00:00:00+00:00,2,-0.5149396992785642,-0.5942781185925646
4020332650,2016-04-11 00:00:00+00:00,3,-1.0525190225984355,-1.2425002212260123
4057192912,2016-03-14 00:00:00+00:00,2,0.17944221501955354,-0.3682869631115166
4057192912,2016-03-16 00:00:00+00:00,4,-1.304061743212247,-1.5836750514712261
4057192912,2016-03-18 00:00:00+00:00,4,-1.727048921153988,-1.9134389026409044
4057192912,2016-03-20 00:00:00+00:00,4,-2.252269918651298,-2.2818591995447246
4057192912,2016-03-21 00:00:00+00:00,4,-1.1471564947665218,-1.8009928742831565
4057192912,2016-03-22 00:00:00+00:00,3,-0.4167207790411772,-0.8419499904740428
4057192912,2016-03-23 00:00:00+00:00,2,-0.05808174425181759,-0.46050742908362347
4057192912,2016-03-24 00:00:00+00:00,4,-2.3098355133028856,-2.299996328483598
4057192912,2016-03-27 00:00:00+00:00,3,-1.261923367438192,-1.4609148939936172
4057192912,2016-03-28 00:00:00+00:00,4,-2.3075692100489773,-2.299996328483598
4057192912,2016-03-29 00:00:00+00:00,3,-0.5130951201646482,-0.90545432744115
4057192912,2016-03-30 00:00:00+00:00,3,-0.44870096360915734,-1.0129176824898773
4057192912,2016-04-06 00:00:00+00:00,4,-2.2886499304827534,-2.2818591995447246
4057192912,2016-04-07 00:00:00+00:00,4,-2.3174570968006503,-2.299996328483598
4057192912,2016-04-08 00:00:00+00:00,2,0.17808545001794832,-0.16141983867211307
4057192912,2016-04-09 00:00:00+00:00,4,-1.4640897523912686,-1.6770108512205346
4057192912,2016-04-10 00:00:00+00:00,3,-0.9326809819794791,-1.1597561314623437
4057192912,2016-04-11 00:00:00+00:00,2,-0.1485980121906497,-0.6757874783141602
4319703577,2016-03-29 00:00:00+00:00,2,-0.39838358758700465,-0.46713780071282734
4319703577,2016-03-30 00:00:00+00:00,2,0.2962077112122041,-0.10413972410433045
4319703577,2016-03-31 00:00:00+00:00,2,0.12309416639879704,-0.02204628981247579
4319703577,2016-04-01 00:00:00+00:00,1,0.35261789849358904,0.3298029233750603
4319703577,2016-04-02 00:00:00+00:00,2,0.17401278588372773,0.08421775015334339
4319703577,2016-04-03 00:00:00+00:00,1,0.13856580916946276,0.4324488952096072
4319703577,2016-04-04 00:00:00+00:00,1,0.4862082080882259,0.6644339559728885
4319703577,2016-04-05 00:00:00+00:00,1,0.16507924496467954,0.31766215686507165
4319703577,2016-04-06 00:00:00+00:00,1,0.6439604926009448,0.8282319339843134
4319703577,2016-04-07 00:00:00+00:00,1,0.31263320510900355,0.31158654350875953
4319703577,2016-04-08 00:00:00+00:00,2,-0.20265875726534996,0.02185492876333376
4388161847,2016-04-05 00:00:00+00:00,4,-2.3348296183588655,-2.324469545819364
4445114986,2016-03-29 00:00:00+00:00,3,-1.2533585027756073,-0.9410419785263114
4445114986,2016-03-30 00:00:00+00:00,3,-1.1646391909432137,-0.8842087126951826
4445114986,2016-03-31 00:00:00+00:00,2,-0.5907519789343195,-0.37483759890116175
4445114986,2016-04-01 00:00:00+00:00,3,-0.9763090485428803,-0.5942781185925646
4445114986,2016-04-02 00:00:00+00:00,2,-0.451643293440181,-0.1486584627079845
4445114986,2016-04-03 00:00:00+00:00,3,-1.010283659985713,-0.8279308345372574
4445114986,2016-04-04 00:00:00+00:00,3,-1.2173565759303917,-1.2729793803193046
4445114986,2016-04-05 00:00:00+00:00,2,-0.7269812632040952,-0.2965857079252527
4445114986,2016-04-06 00:00:00+00:00,2,-0.12567839684777748,0.04060682863625322
4445114986,2016-04-07 00:00:00+00:00,2,-0.17669435650565735,-0.09146116190200261
4445114986,2016-04-08 00:00:00+00:00,2,-0.4207586506570315,-0.19340611659251702
4445114986,2016-04-09 00:00:00+00:00,2,-0.7378490114304046,-0.3682869631115166
4445114986,2016-04-10 00:00:00+00:00,2,-0.18554124870785946,0.12144192099861405
4445114986,2016-04-11 00:00:00+00:00,2,-0.3226686143625846,-0.1422847916511824
4558609924,2016-04-01 00:00:00+00:00,2,-0.46752939777697006,-0.24483591620362796
4558609924,2016-04-02 00:00:00+00:00,3,-1.0001787295169215,-0.813944434443339
4558609924,2016-04-03 00:00:00+00:00,2,-0.28138212849956523,-0.06615779931256478
4558609924,2016-04-04 00:00:00+00:00,1,0.13504521777361123,0.4324488952096072
4558609924,2016-04-05 00:00:00+00:00,2,-0.14901592828688245,-0.07247696706778141
4558609924,2016-04-06 00:00:00+00:00,2,-0.3928115691476038,-0.23838993537535863
4558609924,2016-04-07 00:00:00+00:00,1,0.09436200457819797,0.6349501857874719
4558609924,2016-04-08 00:00:00+00:00,2,-0.7378490114304046,-0.35520210243096273
4558609924,2016-04-09 00:00:00+00:00,2,-0.42772353840553523,-0.12955138113665857
4558609924,2016-04-10 00:00:00+00:00,2,-0.2626259770016158,-0.040925118992231085
4558609924,2016-04-11 00:00:00+00:00,2,0.2553768038482001,0.0717777743475771
4702921684,2016-03-29 00:00:00+00:00,2,-0.21071472888486198,-0.21265554030339773
4702921684,2016-03-30 00:00:00+00:00,2,0.011670342543534305,-0.21908175536174027
4702921684,2016-03-31 00:00:00+00:00,2,-0.11488816062287392,-0.25774289771647463
4702921684,2016-04-01 00:00:00+00:00,2,-0.07323692962973505,-0.19340611659251702
4702921684,2016-04-02 00:00:00+00:00,1,0.533535377480353,0.8107855552825844
4702921684,2016-04-03 00:00:00+00:00,1,0.847223220509328,0.8977783886127502
4702921684,2016-04-04 00:00:00+00:00,2,0.05709251179877549,-0.053532697729008115
4702921684,2016-04-05 00:00:00+00:00,2,-0.17606318319897957,-0.12955138113665857
4702921684,2016-04-06 00:00:00+00:00,2,0.016093121826974366,-0.1805972989984035
4702921684,2016-04-07 00:00:00+00:00,2,-0.19398512843715687,-0.5605998342051965
4702921684,2016-04-08 00:00:00+00:00,2,0.13093444272692303,-0.12319160126785335
4702921684,2016-04-09 00:00:00+00:00,0,1.160977099229055,1.3019955472521212
4702921684,2016-04-10 00:00:00+00:00,1,0.6772920396709003,0.534147943809318
4702921684,2016-04-11 00:00:00+00:00,2,-0.2122005179069155,-0.5807873089320962
5553957443,2016-04-01 00:00:00+00:00,1,0.8970321337918359,0.6997188304994498
5553957443,2016-04-02 00:00:00+00:00,3,-1.0681656108666988,-0.7583174828158759
5553957443,2016-04-03 00:00:00+00:00,4,-1.5110859749961878,-1.4051268587059775
5553957443,2016-04-04 00:00:00+00:00,2,0.2730807771622663,-0.009481888932696258
5553957443,2016-04-05 00:00:00+00:00,1,0.7072789032777406,0.5698251760400167
5553957443,2016-04-06 00:00:00+00:00,1,0.870394538305594,0.534147943809318
5553957443,2016-04-07 00:00:00+00:00,0,1.3909548706495607,1.0586219256857368
5553957443,2016-04-08 00:00:00+00:00,1,0.46265823810090934,0.3600943765202958
5553957443,2016-04-09 00:00:00+00:00,3,-0.6394963630044771,-0.7930252617046626
5553957443,2016-04-10 00:00:00+00:00,2,-0.4093298742442305,-0.5471735774287599
5553957443,2016-04-11 00:00:00+00:00,1,0.811264318552179,0.534147943809318
5577150313,2016-04-01 00:00:00+00:00,1,0.5574910849483697,1.2119293613345068
5577150313,2016-04-02 00:00:00+00:00,0,1.3008276904458802,2.9767023394135292
5577150313,2016-04-03 00:00:00+00:00,1,0.45881442209347834,1.0243191844100583
5577150313,2016-04-04 00:00:00+00:00,1,-0.025092106579152763,0.932410886125555
5577150313,2016-04-05 00:00:00+00:00,1,0.2812446314147953,1.217575179461546
5577150313,2016-04-06 00:00:00+00:00,0,0.6676129523474039,1.4471765132089165
5577150313,2016-04-07 00:00:00+00:00,2,-0.6635494474324732,-0.2255128778136783
5577150313,2016-04-08 00:00:00+00:00,3,-0.6965642399888667,-0.7375850193610596
5577150313,2016-04-09 00:00:00+00:00,0,0.5634184416302902,1.9287182045224514
5577150313,2016-04-10 00:00:00+00:00,1,0.4329317310850814,1.0471973810407045
5577150313,2016-04-11 00:00:00+00:00,3,-1.0892854748269205,-0.5942781185925646
6117666160,2016-04-01 00:00:00+00:00,2,-0.01637819012217039,-0.06615779931256478
6117666160,2016-04-02 00:00:00+00:00,0,2.023543727203539,1.4527322435603922
6117666160,2016-04-04 00:00:00+00:00,2,0.18622013707831575,0.0655517319196697
6117666160,2016-04-05 00:00:00+00:00,1,0.4575325171804483,0.534147943809318
6117666160,2016-04-06 00:00:00+00:00,0,0.8970321337918359,1.1553462943318775
6117666160,2016-04-07 00:00:00+00:00,3,-0.5792094784985915,-0.933906301991847
6117666160,2016-04-08 00:00:00+00:00,1,0.27953705393391,0.7582997711041474
6117666160,2016-04-09 00:00:00+00:00,1,0.6161189508283936,1.240136016657975
6290855005,2016-04-01 00:00:00+00:00,2,-0.18385461640286183,-0.10413972410433045
6290855005,2016-04-02 00:00:00+00:00,1,0.3908005757821784,0.6408527941802077
6290855005,2016-04-03 00:00:00+00:00,4,-2.3348296183588655,-1.3579754113981173
6290855005,2016-04-10 00:00:00+00:00,4,-2.3348296183588655,-1.6770108512205346
6391747486,2016-04-02 00:00:00+00:00,3,-1.316001789598696,-1.063820103257296
6391747486,2016-04-05 00:00:00+00:00,1,0.43109113465282944,0.1028476749304838
6391747486,2016-04-06 00:00:00+00:00,4,-2.139895243945283,-2.1952991303129337
6391747486,2016-04-09 00:00:00+00:00,4,-2.3348296183588655,-2.324469545819364
6775888955,2016-04-01 00:00:00+00:00,2,-0.06094476729298201,0.25674692218741363
6775888955,2016-04-02 00:00:00+00:00,4,-1.351963165603375,-1.5176196634402506
6775888955,2016-04-03 00:00:00+00:00,4,-1.4893279564389559,-1.8101167817592974
6775888955,2016-04-05 00:00:00+00:00,0,0.3535526503551166,2.1590491413291777
6775888955,2016-04-06 00:00:00+00:00,0,0.7863059104169512,1.5964772701224024
6775888955,2016-04-07 00:00:00+00:00,0,1.158542410724726,1.8476393629169536
6775888955,2016-04-08 00:00:00+00:00,3,-0.7537281512419467,-0.5203967075592025
6775888955,2016-04-09 00:00:00+00:00,4,-2.2956096636227006,-2.299996328483598
6962181067,2016-03-30 00:00:00+00:00,0,1.3983209792045725,1.092837931868025
6962181067,2016-03-31 00:00:00+00:00,0,1.1763756522858133,0.9093328480411736
6962181067,2016-04-01 00:00:00+00:00,1,0.5585692723897823,0.44446162239600534
6962181067,2016-04-02 00:00:00+00:00,1,0.901770362574058,0.7290444221787117
6962181067,2016-04-03 00:00:00+00:00,1,0.8797397004999465,0.40235957549078316
6962181067,2016-04-04 00:00:00+00:00,0,1.9211510432313936,1.6842821791064184
6962181067,2016-04-05 00:00:00+00:00,1,0.829100041410751,0.8340420274765945
6962181067,2016-04-06 00:00:00+00:00,1,0.9090396654511967,1.0300423874663782
6962181067,2016-04-07 00:00:00+00:00,0,1.0653345610524645,0.9266452195429989
6962181067,2016-04-08 00:00:00+00:00,0,1.2252481477974826,0.8107855552825844
6962181067,2016-04-09 00:00:00+00:00,1,0.9115734055670921,0.9841879113647611
6962181067,2016-04-10 00:00:00+00:00,1,0.5009414214105786,0.49238321827783343
6962181067,2016-04-11 00:00:00+00:00,1,0.8890702568230772,0.8398494502729404
7007744171,2016-04-01 00:00:00+00:00,1,0.7723167548403217,0.6762070950030914
7007744171,2016-04-02 00:00:00+00:00,1,0.6492645837433177,0.20775502706775853
7007744171,2016-04-03 00:00:00+00:00,0,1.6013571617181264,1.7824918240317869
7007744171,2016-04-04 00:00:00+00:00,0,1.3629862572679663,1.4527322435603922
7007744171,2016-04-05 00:00:00+00:00,1,0.8417579409721478,0.8977783886127502
7007744171,2016-04-06 00:00:00+00:00,0,1.0811283621381302,1.0814421527534057
7007744171,2016-04-07 00:00:00+00:00,0,1.1768613297570498,1.285151101643662
7007744171,2016-04-08 00:00:00+00:00,0,0.9338246150060919,1.245770643774596
7007744171,2016-04-09 00:00:00+00:00,1,0.5366033780642423,0.4864042246782273
7007744171,2016-04-10 00:00:00+00:00,1,0.5005781350971333,0.7699824670333781
7007744171,2016-04-11 00:00:00+00:00,1,0.8560935375392957,1.1099138167768983
7086361926,2016-04-01 00:00:00+00:00,1,0.7346712104798432,0.19547011561400765
7086361926,2016-04-02 00:00:00+00:00,4,-2.2062383798691902,-2.2818591995447246
7086361926,2016-04-03 00:00:00+00:00,4,-1.364539607482458,-1.782862810026044
7086361926,2016-04-04 00:00:00+00:00,2,-0.29762556706681853,-0.1104857924806235
7086361926,2016-04-05 00:00:00+00:00,2,-0.00950058317896148,-0.1486584627079845
7086361926,2016-04-06 00:00:00+00:00,2,-0.03504354952697438,-0.5673225437429372
7086361926,2016-04-07 00:00:00+00:00,0,1.2579497714138363,0.7173226713867824
7086361926,2016-04-08 00:00:00+00:00,1,0.40673307839671213,0.5460526593063834
7086361926,2016-04-09 00:00:00+00:00,2,-0.03789107854346761,-0.009481888932696258
7086361926,2016-04-10 00:00:00+00:00,4,-1.8989697954351392,-1.982661659801569
7086361926,2016-04-11 00:00:00+00:00,2,-0.2671449299307917,0.0717777743475771
8053475328,2016-04-02 00:00:00+00:00,0,2.099566723973373,1.6623764012297835
8053475328,2016-04-03 00:00:00+00:00,0,2.853067786797833,2.105752873131709
8053475328,2016-04-04 00:00:00+00:00,0,1.6904842210934439,1.3244244398717233
8053475328,2016-04-05 00:00:00+00:00,0,1.656110665928808,1.17234521013808
8053475328,2016-04-06 00:00:00+00:00,0,1.5446562604679113,1.3132143151327462
8053475328,2016-04-07 00:00:00+00:00,0,1.642649615600351,1.2344991619742192
8053475328,2016-04-08 00:00:00+00:00,1,0.7745642099308456,0.29942479621671836
8053475328,2016-04-09 00:00:00+00:00,1,0.6815103954195506,0.07799977519532562
8053475328,2016-04-10 00:00:00+00:00,1,0.4954894918471698,0.22615452437630898
8053475328,2016-04-11 00:00:00+00:00,0,1.4875055560630073,0.9726995109123483
8253242879,2016-04-06 00:00:00+00:00,3,-1.3703737879274909,-1.3972270017304629
8253242879,2016-04-07 00:00:00+00:00,3,-0.5029678455821276,-0.751399079757111
8253242879,2016-04-08 00:00:00+00:00,1,0.8318391922556496,0.12763214485247468
8253242879,2016-04-09 00:00:00+00:00,2,-0.462074562430941,-0.4406515358316247
8253242879,2016-04-10 00:00:00+00:00,3,-1.1807894478559224,-1.1523079099440119
8253242879,2016-04-11 00:00:00+00:00,4,-1.4688991726767924,-1.4609148939936172
8378563200,2016-04-01 00:00:00+00:00,0,1.1896378521797315,0.9554481136650569
8378563200,2016-04-02 00:00:00+00:00,3,-0.9529305800618505,-1.0201588349675932
8378563200,2016-04-03 00:00:00+00:00,1,0.31677808694276627,0.29333863789944276
8378563200,2016-04-04 00:00:00+00:00,0,1.1500950721888608,1.5799593129463179
8378563200,2016-04-05 00:00:00+00:00,0,0.9705626843372673,1.5303000613756517
8378563200,2016-04-06 00:00:00+00:00,1,0.3115021763240708,0.6703219718211372
8378563200,2016-04-07 00:00:00+00:00,1,0.423537781583298,0.932410886125555
8378563200,2016-04-08 00:00:00+00:00,1,0.16332936773970838,0.6467524666789066
8378563200,2016-04-09 00:00:00+00:00,3,-1.2726815176908401,-1.2729793803193046
8378563200,2016-04-10 00:00:00+00:00,3,-1.1555890370752104,-1.2197812405581545
8378563200,2016-04-11 00:00:00+00:00,1,0.25709293495612945,0.8514563131362832
8583815059,2016-04-01 00:00:00+00:00,3,-1.2931298543881424,-1.2577125856755391
8583815059,2016-04-02 00:00:00+00:00,3,-0.9168050665032327,-0.8630411637470223
8583815059,2016-04-03 00:00:00+00:00,3,-1.2299908959270394,-1.115241800054607
8583815059,2016-04-04 00:00:00+00:00,3,-1.006728563140601,-0.9984652385492913
8583815059,2016-04-05 00:00:00+00:00,2,-0.14150000553367817,-0.2512868958673089
8583815059,2016-04-06 00:00:00+00:00,3,-1.3169476301639065,-1.2577125856755391
8583815059,2016-04-07 00:00:00+00:00,3,-1.1023348407823574,-1.063820103257296
8583815059,2016-04-08 00:00:00+00:00,4,-1.5493849599210516,-1.5176196634402506
8792009665,2016-04-01 00:00:00+00:00,3,-0.641174080416218,-0.6010333852239738
8792009665,2016-04-02 00:00:00+00:00,1,0.1831228774781917,0.6467524666789066
8792009665,2016-04-03 00:00:00+00:00,2,-0.058286181590685715,0.003065486872876871
8792009665,2016-04-04 00:00:00+00:00,3,-0.8318989749416363,-0.7721772866916435
8792009665,2016-04-05 00:00:00+00:00,3,-1.2445260840800685,-1.0931382841958466
8792009665,2016-04-06 00:00:00+00:00,3,-1.3097082190761806,-1.1821728211513887
8792009665,2016-04-07 00:00:00+00:00,4,-1.5924502011171746,-1.534002722037207
8792009665,2016-04-08 00:00:00+00:00,4,-1.5281456261396256,-1.4051268587059775
8792009665,2016-04-09 00:00:00+00:00,4,-1.6970554175887,-1.6512394743590388
8792009665,2016-04-10 00:00:00+00:00,3,-0.6380590307500478,-0.7721772866916435
8792009665,2016-04-11 00:00:00+00:00,4,-2.1300452200549924,-2.1458059527175712
8877689391,2016-04-01 00:00:00+00:00,0,1.884280972109924,0.9439345741922255
8877689391,2016-04-02 00:00:00+00:00,0,3.0955256135019926,2.0630002376467647
8877689391,2016-04-03 00:00:00+00:00,0,1.3620415124753371,1.8205256849618376
8877689391,2016-04-04 00:00:00+00:00,0,2.18352052477377,1.0586219256857368
8877689391,2016-04-05 00:00:00+00:00,1,0.5993816304963063,-0.09146116190200261
8877689391,2016-04-06 00:00:00+00:00,0,2.645479599158593,1.8205256849618376
8877689391,2016-04-07 00:00:00+00:00,1,0.6375888622123893,0.20775502706775853
8877689391,2016-04-08 00:00:00+00:00,0,2.4937426479706826,1.9071352402480528
8877689391,2016-04-09 00:00:00+00:00,0,1.5500244042523925,1.6349517764975077
8877689391,2016-04-10 00:00:00+00:00,0,3.213257954155398,2.22809861386484
8877689391,2016-04-11 00:00:00+00:00,1,0.586347956578455,-0.02204628981247579
1503960366,2016-04-12 00:00:00+00:00,1,1.023188933432581,0.799141146249694
1503960366,2016-04-13 00:00:00+00:00,1,0.6065101619574569,0.13381846442696782
1503960366,2016-04-14 00:00:00+00:00,1,0.5573113660009672,-0.02204628981247579
1503960366,2016-04-15 00:00:00+00:00,1,0.4303547113974349,0.414405214850618
1503960366,2016-04-16 00:00:00+00:00,1,0.9408874483118137,0.3237342794874669
1503960366,2016-04-17 00:00:00+00:00,1,0.4198491755545852,0.13381846442696782
1503960366,2016-04-18 00:00:00+00:00,1,0.9994293075989613,0.575760670101743
1503960366,2016-04-19 00:00:00+00:00,0,1.4006702176795949,1.0700368334001569
1503960366,2016-04-20 00:00:00+00:00,1,0.5723868703301475,0.1028476749304838
1503960366,2016-04-21 00:00:00+00:00,1,0.44083879950171423,-0.07880057089303245
1503960366,2016-04-22 00:00:00+00:00,1,0.9568327465115853,0.5222308210442423
1503960366,2016-04-23 00:00:00+00:00,0,1.2205862632091264,0.787485874852429
1503960366,2016-04-24 00:00:00+00:00,1,0.48110560449732953,0.42042306792348993
1503960366,2016-04-25 00:00:00+00:00,0,1.3769847487151976,0.9956663478628308
1503960366,2016-04-26 00:00:00+00:00,1,1.1207686801565724,0.7349010790840946
1503960366,2016-04-27 00:00:00+00:00,0,1.800829285569128,1.200630956855544
1503960366,2016-04-28 00:00:00+00:00,1,1.0218621172707125,0.5638866373509042
1503960366,2016-04-29 00:00:00+00:00,1,0.6853744328521573,0.11524777803426338
1503960366,2016-04-30 00:00:00+00:00,0,1.2689743678386314,0.8688467597369489
1503960366,2016-05-01 00:00:00+00:00,1,0.5827716214123203,0.7173226713867824
1503960366,2016-05-02 00:00:00+00:00,0,1.2775896603927286,0.8049647047685082
1503960366,2016-05-03 00:00:00+00:00,0,1.3372742703965736,0.932410886125555
1503960366,2016-05-04 00:00:00+00:00,1,0.6711345619050311,0.3600943765202958
1503960366,2016-05-05 00:00:00+00:00,0,1.1720029258528786,0.8224191624099606
1503960366,2016-05-06 00:00:00+00:00,1,0.854559241231739,0.4684481160945175
1503960366,2016-05-07 00:00:00+00:00,1,0.8260169695788321,0.49835904083465576
1503960366,2016-05-08 00:00:00+00:00,1,0.4849330233747643,0.3358681004515724
1503960366,2016-05-09 00:00:00+00:00,1,0.8311545241848779,0.42643762444133376
1503960366,2016-05-10 00:00:00+00:00,1,0.8627375707723076,0.7114575612439528
1503960366,2016-05-11 00:00:00+00:00,1,0.957838420861426,0.6585430389064675
1624580081,2016-04-12 00:00:00+00:00,2,0.12681997415539653,-1.0056865110106856
1624580081,2016-04-13 00:00:00+00:00,2,-0.10577997246646992,-0.9912537843510841
1624580081,2016-04-14 00:00:00+00:00,2,0.30829618015337285,-0.3879554195783282
1624580081,2016-04-15 00:00:00+00:00,4,-1.5128541039468328,-1.3814774479596648
1624580081,2016-04-16 00:00:00+00:00,3,-0.45980423839493567,-0.7930252617046626
1624580081,2016-04-17 00:00:00+00:00,2,-0.28159825199239447,-0.5203967075592025
1624580081,2016-04-18 00:00:00+00:00,1,0.5709529236604257,-0.18699930913442295
1624580081,2016-04-19 00:00:00+00:00,3,-1.0740599479921205,-1.0419430171691333
1624580081,2016-04-20 00:00:00+00:00,3,-0.5508798459702029,-0.9696775416300464
1624580081,2016-04-21 00:00:00+00:00,2,-0.2441748297488638,-0.7238009575619015
1624580081,2016-04-22 00:00:00+00:00,3,-0.7799677400234987,-0.634909899906898
1624580081,2016-04-23 00:00:00+00:00,2,0.19974664148591448,-0.4472643277579416
1624580081,2016-04-24 00:00:00+00:00,2,-0.3030555537657687,-0.1742000647118242
1624580081,2016-04-25 00:00:00+00:00,2,-0.2126251319180066,-0.614563835936887
1624580081,2016-04-26 00:00:00+00:00,3,-1.0994917138532478,-1.049224938941904
1624580081,2016-04-27 00:00:00+00:00,2,0.1666341378719496,-0.12319160126785335
1624580081,2016-04-28 00:00:00+00:00,3,-1.1186086959243575,-1.1597561314623437
1624580081,2016-04-29 00:00:00+00:00,3,-1.2269756937521898,-0.9768600136981503
1624580081,2016-04-30 00:00:00+00:00,2,-0.2175114862090904,0.04060682863625322
1624580081,2016-05-01 00:00:00+00:00,0,4.125719582723694,3.0988345733991176
1624580081,2016-05-02 00:00:00+00:00,2,-0.07528912016560692,-0.634909899906898
1624580081,2016-05-03 00:00:00+00:00,3,-1.3163170172335148,-1.3814774479596648
1624580081,2016-05-04 00:00:00+00:00,3,-1.2872212100205498,-1.2122342501985648
1624580081,2016-05-05 00:00:00+00:00,3,-1.2030108677152038,-1.2197812405581545
1624580081,2016-05-06 00:00:00+00:00,3,-1.4378886021049684,-1.3346154045101983
1624580081,2016-05-07 00:00:00+00:00,3,-1.3150564216107667,-0.751399079757111
1624580081,2016-05-08 00:00:00+00:00,3,-0.9345394718522659,-0.9625045765490129
1624580081,2016-05-09 00:00:00+00:00,4,-1.4362015243496675,-1.4209778174892995
1624580081,2016-05-10 00:00:00+00:00,3,-1.059212045728726,-1.0565172709915815
1624580081,2016-05-11 00:00:00+00:00,3,-1.0135698541165608,-1.2577125856755391
1624580081,2016-05-12 00:00:00+00:00,3,-1.0586535723656614,-1.295984244920761
1644430081,2016-04-12 00:00:00+00:00,1,0.5992032977687891,0.414405214850618
1644430081,2016-04-13 00:00:00+00:00,2,0.09495422923171992,-0.2512868958673089
1644430081,2016-04-14 00:00:00+00:00,1,0.6600339484809365,0.5281909381888413
1644430081,2016-04-15 00:00:00+00:00,3,-0.4841742326218992,-0.7169200549425822
1644430081,2016-04-16 00:00:00+00:00,0,1.3683373584914627,0.9151062073388008
1644430081,2016-04-17 00:00:00+00:00,2,0.24181689419689098,0.01559597509008627
1644430081,2016-04-18 00:00:00+00:00,2,-0.08001297212746304,-0.41425804758750934
1644430081,2016-04-19 00:00:00+00:00,1,0.6985273380482172,0.6820893340245243
1644430081,2016-04-20 00:00:00+00:00,3,-1.2131622139208493,-1.1597561314623437
1644430081,2016-04-21 00:00:00+00:00,4,-1.618107079499832,-1.8751886580324164
1644430081,2016-04-22 00:00:00+00:00,3,-0.8699988003429399,-1.4609148939936172
1644430081,2016-04-23 00:00:00+00:00,2,-0.18301156725940929,-0.6963212920841625
1644430081,2016-04-24 00:00:00+00:00,3,-0.9628469218783154,-1.4368986103707868
1644430081,2016-04-25 00:00:00+00:00,3,-0.8942149507171998,-1.1971784832313954
1644430081,2016-04-26 00:00:00+00:00,1,0.4591806224655212,0.25674692218741363
1644430081,2016-04-27 00:00:00+00:00,3,-1.041682778182292,-1.2122342501985648
1644430081,2016-04-28 00:00:00+00:00,1,0.36419648521766246,0.2811556903828211
1644430081,2016-04-29 00:00:00+00:00,3,-1.0020873066349616,-1.1971784832313954
1644430081,2016-04-30 00:00:00+00:00,0,1.812531309261378,1.601979388596503
1644430081,2016-05-01 00:00:00+00:00,2,-0.29090318654745934,-0.6077952779425451
1644430081,2016-05-02 00:00:00+00:00,3,-0.848052840541812,-0.8700884451401106
1644430081,2016-05-03 00:00:00+00:00,1,0.9712316514671231,0.8572557677903224
1644430081,2016-05-04 00:00:00+00:00,4,-1.251527926735119,-1.7470469937100124
1644430081,2016-05-05 00:00:00+00:00,3,-0.6965642399888667,-1.1746884705154887
1644430081,2016-05-06 00:00:00+00:00,1,0.43495562622166506,0.7114575612439528
1644430081,2016-05-07 00:00:00+00:00,1,1.057917607581551,0.6290446327127647
1644430081,2016-05-08 00:00:00+00:00,2,-0.16471899474226387,-0.009481888932696258
1644430081,2016-05-09 00:00:00+00:00,1,-0.18174732689828588,0.693845193380569
1644430081,2016-05-10 00:00:00+00:00,2,0.31960214346777027,-0.43404454207700005
1644430081,2016-05-11 00:00:00+00:00,4,-1.5783188704207498,-1.7738546819427736
1844505072,2016-04-12 00:00:00+00:00,2,-0.17038708707035394,0.26285450490169393
1844505072,2016-04-13 00:00:00+00:00,2,-0.5613871806917177,-0.30957458062481613
1844505072,2016-04-14 00:00:00+00:00,1,0.08230318402466281,0.4684481160945175
1844505072,2016-04-15 00:00:00+00:00,3,-0.8260248036252402,-0.7930252617046626
1844505072,2016-04-16 00:00:00+00:00,3,-0.9379944820948883,-0.9984652385492913
1844505072,2016-04-17 00:00:00+00:00,2,-0.6572777994861441,-0.48706457929714614
1844505072,2016-04-18 00:00:00+00:00,2,-0.6399756195802172,-0.35520210243096273
1844505072,2016-04-19 00:00:00+00:00,4,-2.1160902710366254,-2.170053983608748
1844505072,2016-04-20 00:00:00+00:00,4,-2.3075692100489773,-2.299996328483598
1844505072,2016-04-21 00:00:00+00:00,1,0.10540408638713346,0.26895848537930195
1844505072,2016-04-22 00:00:00+00:00,2,-0.459350351216218,-0.4937188340665411
1844505072,2016-04-23 00:00:00+00:00,3,-0.8968318720788854,-1.0565172709915815
1844505072,2016-04-27 00:00:00+00:00,4,-2.3174570968006503,-2.299996328483598
1844505072,2016-04-28 00:00:00+00:00,2,-0.12650958988839464,0.034360338972827184
1844505072,2016-04-29 00:00:00+00:00,2,-0.5634926698522854,-0.3160768668705291
1844505072,2016-04-30 00:00:00+00:00,3,-0.7829817134937008,-0.7375850193610596
1844505072,2016-05-01 00:00:00+00:00,3,-1.1725523983436221,-1.4368986103707868
1844505072,2016-05-03 00:00:00+00:00,3,-0.7716954791620487,-0.7375850193610596
1844505072,2016-05-04 00:00:00+00:00,3,-1.322632648993705,-1.4528911250703713
1844505072,2016-05-05 00:00:00+00:00,3,-1.27360637238904,-1.1971784832313954
1844505072,2016-05-06 00:00:00+00:00,4,-2.252269918651298,-2.2818591995447246
1844505072,2016-05-12 00:00:00+00:00,4,-2.3348296183588655,-2.324469545819364
1927972279,2016-04-12 00:00:00+00:00,4,-1.846376185774649,-1.7205470341166247
1927972279,2016-04-13 00:00:00+00:00,4,-2.0134884535457194,-1.9328980684471069
1927972279,2016-04-14 00:00:00+00:00,3,-1.296558908412762,-1.3036810682027893
1927972279,2016-04-15 00:00:00+00:00,4,-1.7142166961007563,-1.7559476339149431
1927972279,2016-04-18 00:00:00+00:00,4,-2.083451626786379,-2.088394433983129
1927972279,2016-04-22 00:00:00+00:00,4,-2.1524001723101502,-2.170053983608748
1927972279,2016-04-23 00:00:00+00:00,3,-1.065924032052894,-1.0129176824898773
1927972279,2016-04-24 00:00:00+00:00,3,-1.319472188998168,-1.4289293688485452
1927972279,2016-04-25 00:00:00+00:00,4,-2.1500210098492545,-2.1458059527175712
1927972279,2016-04-26 00:00:00+00:00,3,-0.8472814701756164,-0.6826249418682537
1927972279,2016-04-28 00:00:00+00:00,4,-1.455536868333096,-1.3893439354409034
1927972279,2016-05-01 00:00:00+00:00,3,-1.1344234686862127,-1.2425002212260123
1927972279,2016-05-02 00:00:00+00:00,3,-0.8398359566345999,-0.9196623066182659
1927972279,2016-05-03 00:00:00+00:00,4,-1.5794293138395465,-1.791908553280271
1927972279,2016-05-04 00:00:00+00:00,4,-1.4180882904070424,-1.4528911250703713
1927972279,2016-05-06 00:00:00+00:00,3,-1.31915643441477,-1.2883017950172242
1927972279,2016-05-07 00:00:00+00:00,4,-1.5128541039468328,-1.782862810026044
1927972279,2016-05-12 00:00:00+00:00,4,-2.3348296183588655,-2.324469545819364
2022484408,2016-04-12 00:00:00+00:00,1,0.8059373647244887,0.5162675825985193
2022484408,2016-04-13 00:00:00+00:00,1,0.8314968681850758,0.8107855552825844
2022484408,2016-04-14 00:00:00+00:00,1,0.5984899084845352,0.38426611836479785
2022484408,2016-04-15 00:00:00+00:00,1,0.6595047954700202,0.5162675825985193
2022484408,2016-04-16 00:00:00+00:00,1,0.4922156184195693,-0.00320608153640056
2022484408,2016-04-17 00:00:00+00:00,0,1.3386964757956799,1.0529108610327593
2022484408,2016-04-18 00:00:00+00:00,0,1.1818778811222688,0.9841879113647611
2022484408,2016-04-19 00:00:00+00:00,1,0.7494466255559524,0.37218701827683187
2022484408,2016-04-20 00:00:00+00:00,0,1.3386964757956799,1.463837582237759
2022484408,2016-04-21 00:00:00+00:00,0,0.9044762455046855,2.153726667391205
2022484408,2016-04-22 00:00:00+00:00,1,0.9885993052590983,0.9151062073388008
2022484408,2016-04-23 00:00:00+00:00,2,-0.31939264104525367,-0.30307753606009336
2022484408,2016-04-24 00:00:00+00:00,1,1.0758681384681121,0.5043317024128574
2022484408,2016-04-25 00:00:00+00:00,1,0.7182866132910487,0.42042306792348993
2022484408,2016-04-26 00:00:00+00:00,1,0.4956713139072226,1.1383265930802722
2022484408,2016-04-27 00:00:00+00:00,1,0.5029390483959991,0.5043317024128574
2022484408,2016-04-28 00:00:00+00:00,1,0.4994881257402959,0.3237342794874669
2022484408,2016-04-29 00:00:00+00:00,1,0.5185308542598044,0.7699824670333781
2022484408,2016-04-30 00:00:00+00:00,0,1.8382429245569938,0.8977783886127502
2022484408,2016-05-01 00:00:00+00:00,1,0.5713114460435248,0.4864042246782273
2022484408,2016-05-02 00:00:00+00:00,1,0.5427340909105172,0.6349501857874719
2022484408,2016-05-03 00:00:00+00:00,0,0.8586498157126377,1.17234521013808
2022484408,2016-05-04 00:00:00+00:00,1,0.7875132642040049,0.8282319339843134
2022484408,2016-05-05 00:00:00+00:00,1,0.8093746654230107,0.9669515579346217
2022484408,2016-05-06 00:00:00+00:00,1,0.5152712554085226,0.6349501857874719
2022484408,2016-05-07 00:00:00+00:00,2,-0.16807690056941604,-0.5404699578101496
2022484408,2016-05-08 00:00:00+00:00,3,-0.9706462446303383,-1.085792522467556
2022484408,2016-05-09 00:00:00+00:00,0,1.0590719290022699,1.1836663480459158
2022484408,2016-05-10 00:00:00+00:00,0,0.9625293829948651,1.1949783596570713
2022484408,2016-05-11 00:00:00+00:00,1,1.0414041352517514,0.9093328480411736
2022484408,2016-05-12 00:00:00+00:00,1,0.31018231367185395,0.12144192099861405
2026352035,2016-04-12 00:00:00+00:00,3,-0.6841420571715555,-0.5875294392800763
2026352035,2016-04-13 00:00:00+00:00,2,-0.5464534130729886,-0.37483759890116175
2026352035,2016-04-14 00:00:00+00:00,3,-0.9590902674422891,-0.6485080069229145
2026352035,2016-04-15 00:00:00+00:00,3,-0.8318989749416363,-0.7100465076819159
2026352035,2016-04-16 00:00:00+00:00,3,-1.1802000388291796,-0.9768600136981503
2026352035,2016-04-17 00:00:00+00:00,4,-1.7742562299701354,-1.6770108512205346
2026352035,2016-04-18 00:00:00+00:00,3,-0.9617730274087091,-0.751399079757111
2026352035,2016-04-19 00:00:00+00:00,3,-1.2167568628407048,-1.0419430171691333
2026352035,2016-04-20 00:00:00+00:00,2,-0.06155852476274759,0.18932204518909393
2026352035,2016-04-21 00:00:00+00:00,3,-1.2039045988607182,-0.9553410434481634
2026352035,2016-04-22 00:00:00+00:00,3,-1.0743410006240095,-0.891281824864044
2026352035,2016-04-23 00:00:00+00:00,1,0.8882226256667834,0.8166037053298784
2026352035,2016-04-24 00:00:00+00:00,3,-0.9178604765932771,-0.8771442739292146
2026352035,2016-04-25 00:00:00+00:00,2,-0.31590142686058165,-0.23194893023070073
2026352035,2016-04-26 00:00:00+00:00,2,-0.3342668072990305,-0.053532697729008115
2026352035,2016-04-27 00:00:00+00:00,2,-0.30044818622085645,-0.06615779931256478
2026352035,2016-04-28 00:00:00+00:00,2,-0.23861382930594974,0.2138918953360508
2026352035,2016-04-29 00:00:00+00:00,1,0.015892183635446124,0.3419298225660018
2026352035,2016-04-30 00:00:00+00:00,2,-0.6084992156818865,-0.4076739456997546
2026352035,2016-05-01 00:00:00+00:00,3,-0.886640305340493,-0.6894695315265237
2026352035,2016-05-02 00:00:00+00:00,2,-0.10350605644420219,0.3600943765202958
2026352035,2016-05-03 00:00:00+00:00,2,-0.3213578806465215,0.046849196556421085
2026352035,2016-05-04 00:00:00+00:00,2,-0.19842535006743872,0.29942479621671836
2026352035,2016-05-05 00:00:00+00:00,1,0.8559230797909302,1.0643305811131385
2026352035,2016-05-06 00:00:00+00:00,1,0.13367536902736277,0.5281909381888413
2026352035,2016-05-07 00:00:00+00:00,3,-0.7383439454086224,-0.43404454207700005
2026352035,2016-05-08 00:00:00+00:00,2,-0.42412705054405997,-0.24483591620362796
2026352035,2016-05-09 00:00:00+00:00,1,0.5975980404819976,0.6349501857874719
2026352035,2016-05-10 00:00:00+00:00,4,-2.0768022454141204,-2.088394433983129
2026352035,2016-05-11 00:00:00+00:00,1,0.2078439121894799,0.20775502706775853
2026352035,2016-05-12 00:00:00+00:00,1,0.2673769069940482,0.2872489400837202
2320127002,2016-04-12 00:00:00+00:00,1,0.6047289019131115,0.40838405435193986
2320127002,2016-04-13 00:00:00+00:00,2,-0.050728568613709786,0.23840243227777258
2320127002,2016-04-14 00:00:00+00:00,3,-0.7933033411554603,-0.6894695315265237
2320127002,2016-04-15 00:00:00+00:00,2,-0.4974565686643027,-0.32909726653728766
2320127002,2016-04-16 00:00:00+00:00,3,-0.5315864946159049,-0.662133752881128
2320127002,2016-04-17 00:00:00+00:00,2,-0.2766305055647579,-0.30307753606009336
2320127002,2016-04-18 00:00:00+00:00,2,-0.19948327812243274,-0.1422847916511824
2320127002,2016-04-19 00:00:00+00:00,2,-0.32026595342182,-0.2965857079252527
2320127002,2016-04-20 00:00:00+00:00,2,-0.06770101594509281,0.053087458998078485
2320127002,2016-04-21 00:00:00+00:00,3,-0.9406553164833508,-0.9768600136981503
2320127002,2016-04-22 00:00:00+00:00,2,-0.4117918093462673,-0.19340611659251702
2320127002,2016-04-23 00:00:00+00:00,2,-0.5264912240413208,-0.3486678230181738
2320127002,2016-04-24 00:00:00+00:00,3,-0.7452817219386474,-0.6010333852239738
2320127002,2016-04-25 00:00:00+00:00,3,-0.892123255271485,-0.8279308345372574
2320127002,2016-04-26 00:00:00+00:00,3,-0.9393245578061312,-0.9984652385492913
2320127002,2016-04-27 00:00:00+00:00,4,-1.4419445799930486,-1.4931994663364385
2320127002,2016-04-28 00:00:00+00:00,4,-1.5050895508118054,-1.5422260859371446
2320127002,2016-04-29 00:00:00+00:00,4,-1.7375046810139112,-1.8101167817592974
2320127002,2016-04-30 00:00:00+00:00,2,-0.6462126122188259,-0.4010954929957905
2320127002,2016-05-01 00:00:00+00:00,4,-1.8033640785585017,-1.8563690942800692
2320127002,2016-05-02 00:00:00+00:00,3,-0.8801275214671942,-0.9768600136981503
2320127002,2016-05-03 00:00:00+00:00,2,-0.016580638920960476,-0.06615779931256478
2320127002,2016-05-04 00:00:00+00:00,4,-1.626513997331908,-1.7470469937100124
2320127002,2016-05-05 00:00:00+00:00,2,-0.49814499112846916,-0.32909726653728766
2320127002,2016-05-06 00:00:00+00:00,3,-0.5733361696473881,-0.6010333852239738
2320127002,2016-05-07 00:00:00+00:00,2,-0.029557239838864064,0.1400008944506394
2320127002,2016-05-08 00:00:00+00:00,2,-0.5075674052477601,-0.3160768668705291
2320127002,2016-05-09 00:00:00+00:00,3,-1.0256571109829429,-1.0129176824898773
2320127002,2016-05-10 00:00:00+00:00,2,-0.2703760117817698,-0.040925118992231085
2320127002,2016-05-11 00:00:00+00:00,2,-0.22815500933055938,0.02185492876333376
2320127002,2016-05-12 00:00:00+00:00,3,-1.1468662929807056,-1.137446795367201
2347167796,2016-04-12 00:00:00+00:00,1,0.49458028718514346,0.8049647047685082
2347167796,2016-04-13 00:00:00+00:00,1,0.5378661594575975,0.12144192099861405
2347167796,2016-04-14 00:00:00+00:00,1,0.49748918876075393,0.053087458998078485
2347167796,2016-04-15 00:00:00+00:00,1,0.5582099006170977,0.23840243227777258
2347167796,2016-04-16 00:00:00+00:00,0,2.388108345068082,1.8150976338055769
2347167796,2016-04-17 00:00:00+00:00,2,-0.4367307835216657,-0.19340611659251702
2347167796,2016-04-18 00:00:00+00:00,2,0.14325573824087373,-0.16141983867211307
2347167796,2016-04-19 00:00:00+00:00,1,-0.16744707988001778,0.6053927961354587
2347167796,2016-04-20 00:00:00+00:00,1,0.653327618001937,0.5579450446398079
2347167796,2016-04-21 00:00:00+00:00,1,0.488575585237509,0.20161443835180756
2347167796,2016-04-22 00:00:00+00:00,2,0.05589792141559682,-0.059843049020930565
2347167796,2016-04-23 00:00:00+00:00,0,1.6158055552367965,1.3524121983377733
2347167796,2016-04-24 00:00:00+00:00,1,0.37649276070745885,0.3903006186012826
2347167796,2016-04-25 00:00:00+00:00,1,0.3785392200922682,0.29333863789944276
2347167796,2016-04-26 00:00:00+00:00,2,-0.3239798079891406,-0.4472643277579416
2347167796,2016-04-27 00:00:00+00:00,1,0.7277048113504136,0.575760670101743
2347167796,2016-04-28 00:00:00+00:00,2,-0.44417912155380024,-0.43404454207700005
2347167796,2016-04-29 00:00:00+00:00,4,-2.254728993558274,-2.2502806239161037
2873212765,2016-04-12 00:00:00+00:00,1,0.2492700383724495,0.652649212023535
2873212765,2016-04-13 00:00:00+00:00,1,0.018704477397119966,0.7466059962340077
2873212765,2016-04-14 00:00:00+00:00,2,0.07695532299352738,0.2138918953360508
2873212765,2016-04-15 00:00:00+00:00,1,0.1889285593922302,0.9093328480411736
2873212765,2016-04-16 00:00:00+00:00,1,0.41615790805470326,0.9093328480411736
2873212765,2016-04-17 00:00:00+00:00,3,-1.1869880648108149,-0.7930252617046626
2873212765,2016-04-18 00:00:00+00:00,2,0.047526768017182086,0.18317021331983846
2873212765,2016-04-19 00:00:00+00:00,1,0.0844801161827427,0.5638866373509042
2873212765,2016-04-20 00:00:00+00:00,1,0.3261853269344174,0.9439345741922255
2873212765,2016-04-21 00:00:00+00:00,1,0.2612853489829482,0.6113102167900614
2873212765,2016-04-22 00:00:00+00:00,1,-0.048484306882183366,1.2288600744290357
2873212765,2016-04-23 00:00:00+00:00,1,0.34775436332519327,0.7699824670333781
2873212765,2016-04-24 00:00:00+00:00,2,-0.1335815470153471,0.20775502706775853
2873212765,2016-04-25 00:00:00+00:00,1,-0.030775811740607915,0.38426611836479785
2873212765,2016-04-26 00:00:00+00:00,2,0.1422790640391732,0.17701460615614037
2873212765,2016-04-27 00:00:00+00:00,2,-0.9110078511803753,0.23840243227777258
2873212765,2016-04-28 00:00:00+00:00,2,0.07754984493337014,0.09043171480075322
2873212765,2016-04-29 00:00:00+00:00,2,-0.03240111431721638,0.09664168460649711
2873212765,2016-04-30 00:00:00+00:00,2,0.1831228774781917,0.04060682863625322
2873212765,2016-05-01 00:00:00+00:00,2,-0.025497835640231427,-0.2771412729038642
2873212765,2016-05-02 00:00:00+00:00,2,-1.1296321664145516e-05,0.31766215686507165
2873212765,2016-05-03 00:00:00+00:00,1,-0.022861282281577102,0.49835904083465576
2873212765,2016-05-04 00:00:00+00:00,1,0.1493064995387644,0.7466059962340077
2873212765,2016-05-05 00:00:00+00:00,1,0.15632324662799854,0.6053927961354587
2873212765,2016-05-06 00:00:00+00:00,1,-0.0942166308895779,0.5103012130181974
2873212765,2016-05-07 00:00:00+00:00,2,-0.5588156314460951,0.01559597509008627
2873212765,2016-05-08 00:00:00+00:00,1,0.12779994522551574,1.0014018457815856
2873212765,2016-05-09 00:00:00+00:00,1,0.04033886784924922,0.29942479621671836
2873212765,2016-05-10 00:00:00+00:00,1,0.14872128901737683,0.4684481160945175
2873212765,2016-05-11 00:00:00+00:00,2,-0.22474593755864997,0.1400008944506394
2873212765,2016-05-12 00:00:00+00:00,2,0.00824966373984471,-0.1805972989984035
3372868164,2016-04-12 00:00:00+00:00,2,-0.6042309486662649,-0.10413972410433045
3372868164,2016-04-13 00:00:00+00:00,1,0.42169381079034285,0.8340420274765945
3372868164,2016-04-14 00:00:00+00:00,1,0.25842728070694665,0.8514563131362832
3372868164,2016-04-15 00:00:00+00:00,2,-0.014961314950889941,0.23840243227777258
3372868164,2016-04-16 00:00:00+00:00,2,-0.12692524958572954,0.3661423958057163
3372868164,2016-04-17 00:00:00+00:00,1,0.13387108676246373,0.38426611836479785
3372868164,2016-04-18 00:00:00+00:00,1,-0.14922490246992637,0.7290444221787117
3372868164,2016-04-19 00:00:00+00:00,1,0.037340451101783835,0.4864042246782273
3372868164,2016-04-20 00:00:00+00:00,2,-0.5728667606255173,0.17701460615614037
3372868164,2016-04-21 00:00:00+00:00,1,0.26090437112900794,0.9093328480411736
3372868164,2016-04-22 00:00:00+00:00,3,-0.8262799461285467,-0.5875294392800763
3372868164,2016-04-23 00:00:00+00:00,1,-0.026106501211438128,0.4324488952096072
3372868164,2016-04-24 00:00:00+00:00,2,-0.16325079050343513,0.31766215686507165
3372868164,2016-04-25 00:00:00+00:00,1,-0.32070268606062,0.7231849556484901
3372868164,2016-04-26 00:00:00+00:00,1,0.15028168548188545,0.6467524666789066
3372868164,2016-04-27 00:00:00+00:00,1,0.0757660423011641,0.8862135617538429
3372868164,2016-04-28 00:00:00+00:00,2,-0.42772353840553523,0.5401018476266758
3372868164,2016-04-29 00:00:00+00:00,1,0.3135755303845586,0.6408527941802077
3372868164,2016-04-30 00:00:00+00:00,2,-0.4871468348029388,0.38426611836479785
3372868164,2016-05-01 00:00:00+00:00,3,-1.0292398513944985,-0.8209335686515792
3977333714,2016-04-12 00:00:00+00:00,2,0.26071387091090276,0.028109711182873368
3977333714,2016-04-13 00:00:00+00:00,1,0.48037625474334633,0.25674692218741363
3977333714,2016-04-14 00:00:00+00:00,2,0.023320750649327794,-0.13591577122286166
3977333714,2016-04-15 00:00:00+00:00,1,0.289962897458326,0.09664168460649711
3977333714,2016-04-16 00:00:00+00:00,1,1.0722491994357122,0.6997188304994498
3977333714,2016-04-17 00:00:00+00:00,1,0.549217777437778,0.3540429489351116
3977333714,2016-04-18 00:00:00+00:00,1,0.769376453613976,0.7231849556484901
3977333714,2016-04-19 00:00:00+00:00,1,0.8978785203006853,0.6997188304994498
3977333714,2016-04-20 00:00:00+00:00,1,0.7685113737230331,0.42643762444133376
3977333714,2016-04-21 00:00:00+00:00,2,-0.29936231405745123,-0.3486678230181738
3977333714,2016-04-22 00:00:00+00:00,1,0.27118023411248826,0.09043171480075322
3977333714,2016-04-23 00:00:00+00:00,1,0.8373136706013601,0.8398494502729404
3977333714,2016-04-24 00:00:00+00:00,1,1.1788036780845688,0.6820893340245243
3977333714,2016-04-25 00:00:00+00:00,1,0.6846720786593804,0.028109711182873368
3977333714,2016-04-26 00:00:00+00:00,1,0.721602205355405,0.5162675825985193
3977333714,2016-04-27 00:00:00+00:00,2,-0.06749612193278881,-0.6553174039301327
3977333714,2016-04-28 00:00:00+00:00,2,-0.08371361989838827,-0.2900990711913111
3977333714,2016-04-29 00:00:00+00:00,1,0.5904578297045711,0.15852499298508824
3977333714,2016-04-30 00:00:00+00:00,1,1.0357796434428619,0.787485874852429
3977333714,2016-05-01 00:00:00+00:00,1,0.5490377810568379,0.18932204518909393
3977333714,2016-05-02 00:00:00+00:00,0,1.5576862603773753,1.3970822913301866
3977333714,2016-05-03 00:00:00+00:00,0,1.2147945128212725,1.0985322587534128
3977333714,2016-05-04 00:00:00+00:00,1,1.088682302138785,0.4864042246782273
3977333714,2016-05-05 00:00:00+00:00,1,0.8805885351175619,0.6053927961354587
3977333714,2016-05-06 00:00:00+00:00,1,0.7717979870492225,0.42042306792348993
3977333714,2016-05-07 00:00:00+00:00,1,0.7497938231316136,0.5103012130181974
3977333714,2016-05-08 00:00:00+00:00,1,1.0929479524796832,0.8049647047685082
3977333714,2016-05-09 00:00:00+00:00,0,1.2712090262450348,0.7407549344286403
3977333714,2016-05-10 00:00:00+00:00,1,1.0082459246385092,0.799141146249694
3977333714,2016-05-11 00:00:00+00:00,4,-1.8150681235389416,-2.0449150359868
4020332650,2016-04-12 00:00:00+00:00,1,0.1999395954333321,0.4684481160945175
4020332650,2016-04-14 00:00:00+00:00,4,-2.186833847208505,-2.2655325397031327
4020332650,2016-04-15 00:00:00+00:00,3,-1.3863530259723764,-0.42084782789175207
4020332650,2016-04-16 00:00:00+00:00,3,-1.3538923439166326,-0.028334918183229564
4020332650,2016-04-17 00:00:00+00:00,4,-2.2920534526346446,-2.2818591995447246
4020332650,2016-04-18 00:00:00+00:00,4,-2.2316536715116198,-2.2818591995447246
4020332650,2016-05-02 00:00:00+00:00,4,-1.947237701663787,-1.7381805233003205
4020332650,2016-05-03 00:00:00+00:00,3,-0.6642739143691732,-0.8069633755398009
4020332650,2016-05-04 00:00:00+00:00,1,0.5197979346178856,1.0757406886038634
4020332650,2016-05-05 00:00:00+00:00,1,0.7806107082828984,0.5935489776785222
4020332650,2016-05-06 00:00:00+00:00,3,-0.6951001789545963,-0.7860680975376287
4020332650,2016-05-07 00:00:00+00:00,2,-0.29090318654745934,-0.7375850193610596
4020332650,2016-05-08 00:00:00+00:00,2,-0.34986100468949927,-0.21265554030339773
4020332650,2016-05-09 00:00:00+00:00,3,-0.6498165248488355,-0.6826249418682537
4020332650,2016-05-10 00:00:00+00:00,2,-0.4200853537133679,-0.5875294392800763
4020332650,2016-05-11 00:00:00+00:00,3,-0.8658543272000615,-0.933906301991847
4020332650,2016-05-12 00:00:00+00:00,4,-1.8885801903136568,-2.0449150359868
4057192912,2016-04-12 00:00:00+00:00,3,-0.45436148896983886,-0.8771442739292146
4057192912,2016-04-13 00:00:00+00:00,3,-0.3252914621492597,-0.90545432744115
4057192912,2016-04-15 00:00:00+00:00,3,-0.7905304795441086,-1.28063355893118
4319703577,2016-04-13 00:00:00+00:00,2,0.13484955014576744,-0.9768600136981503
4319703577,2016-04-14 00:00:00+00:00,1,0.5121909011598099,0.3903006186012826
4319703577,2016-04-15 00:00:00+00:00,2,-0.3937025131683936,-0.4406515358316247
4319703577,2016-04-16 00:00:00+00:00,3,-0.6049419326008257,-0.6689570965794128
4319703577,2016-04-17 00:00:00+00:00,4,-2.2718670314179055,-2.2655325397031327
4319703577,2016-04-18 00:00:00+00:00,3,-1.2616168463707653,-1.5176196634402506
4319703577,2016-04-19 00:00:00+00:00,1,0.27384078557926606,0.09043171480075322
4319703577,2016-04-20 00:00:00+00:00,1,0.279347286033587,0.2811556903828211
4319703577,2016-04-21 00:00:00+00:00,3,-0.8624915735143823,-1.9134389026409044
4319703577,2016-04-22 00:00:00+00:00,3,-0.663307996030007,-0.5137180439957632
4319703577,2016-04-23 00:00:00+00:00,2,-0.5599842687537632,-0.4076739456997546
4319703577,2016-04-24 00:00:00+00:00,3,-0.766193713239844,-0.6010333852239738
4319703577,2016-04-25 00:00:00+00:00,1,0.3368877859636261,0.6644339559728885
4319703577,2016-04-26 00:00:00+00:00,1,0.45551745467296956,0.3540429489351116
4319703577,2016-04-27 00:00:00+00:00,1,0.614518656994773,0.6997188304994498
4319703577,2016-04-28 00:00:00+00:00,1,0.6210946576013981,0.7114575612439528
4319703577,2016-04-29 00:00:00+00:00,1,0.09278235859766978,0.2872489400837202
4319703577,2016-04-30 00:00:00+00:00,2,0.13817476564153036,-0.040925118992231085
4319703577,2016-05-01 00:00:00+00:00,4,-1.607483515489148,-1.617255448477685
4319703577,2016-05-02 00:00:00+00:00,1,0.33726289141200366,0.42643762444133376
4319703577,2016-05-03 00:00:00+00:00,1,0.40932202173927396,0.40838405435193986
4319703577,2016-05-04 00:00:00+00:00,1,0.5517370920091821,0.40838405435193986
4319703577,2016-05-05 00:00:00+00:00,0,1.1049093410847401,1.0757406886038634
4319703577,2016-05-06 00:00:00+00:00,1,0.3863453436964877,0.3540429489351116
4319703577,2016-05-07 00:00:00+00:00,1,0.08230318402466281,0.29333863789944276
4319703577,2016-05-08 00:00:00+00:00,3,-0.8702580394940307,-0.9553410434481634
4319703577,2016-05-09 00:00:00+00:00,1,0.5425538762511628,0.6762070950030914
4319703577,2016-05-10 00:00:00+00:00,1,0.3794691541937841,0.40235957549078316
4319703577,2016-05-11 00:00:00+00:00,1,0.31244471838157617,0.3661423958057163
4319703577,2016-05-12 00:00:00+00:00,4,-2.2903341621606605,-2.2818591995447246
4388161847,2016-04-13 00:00:00+00:00,2,0.6522679829436988,-0.7583174828158759
4388161847,2016-04-14 00:00:00+00:00,1,0.2620472143938881,0.1400008944506394
4388161847,2016-04-15 00:00:00+00:00,2,0.24200814539767265,0.01559597509008627
4388161847,2016-04-16 00:00:00+00:00,2,-0.19504187398578982,-0.047226727113923166
4388161847,2016-04-17 00:00:00+00:00,3,-0.624913875596134,-0.6213390988226307
4388161847,2016-04-18 00:00:00+00:00,1,0.6550932269657384,0.24452089879398686
4388161847,2016-04-19 00:00:00+00:00,1,0.5069320327537109,0.2750588763303138
4388161847,2016-04-20 00:00:00+00:00,1,0.5739996052502279,0.44446162239600534
4388161847,2016-04-21 00:00:00+00:00,1,0.4840219870078215,0.12763214485247468
4388161847,2016-04-22 00:00:00+00:00,0,0.8511482700187606,1.2119293613345068
4388161847,2016-04-23 00:00:00+00:00,1,1.0354486336303088,0.6231361261198223
4388161847,2016-04-24 00:00:00+00:00,1,0.518168775650853,0.003065486872876871
4388161847,2016-04-25 00:00:00+00:00,1,0.9897665255748302,0.6053927961354587
4388161847,2016-04-26 00:00:00+00:00,1,0.3746316210807574,0.09664168460649711
4388161847,2016-04-27 00:00:00+00:00,1,0.6874809679725096,0.4504631001035027
4388161847,2016-04-28 00:00:00+00:00,1,0.4874830824984471,0.07799977519532562
4388161847,2016-04-29 00:00:00+00:00,1,0.3318210833130057,0.0655517319196697
4388161847,2016-04-30 00:00:00+00:00,1,0.9179874541374292,0.7933148721495243
4388161847,2016-05-01 00:00:00+00:00,1,0.5203408763567491,0.0655517319196697
4388161847,2016-05-02 00:00:00+00:00,1,0.49148781375280154,0.09043171480075322
4388161847,2016-05-03 00:00:00+00:00,1,0.9506274275369985,0.6053927961354587
4388161847,2016-05-04 00:00:00+00:00,1,0.8912735364649581,0.6172246571236314
4388161847,2016-05-05 00:00:00+00:00,1,0.4009957272387031,0.1028476749304838
4388161847,2016-05-06 00:00:00+00:00,1,1.0253444078581728,0.9266452195429989
4388161847,2016-05-07 00:00:00+00:00,0,2.46040471176094,2.465138027472231
4388161847,2016-05-08 00:00:00+00:00,0,1.6758797756050514,1.6239686343271489
4388161847,2016-05-09 00:00:00+00:00,1,0.5136407030614774,0.10904970102468897
4388161847,2016-05-10 00:00:00+00:00,1,0.5282976468249522,0.23228031184914627
4388161847,2016-05-11 00:00:00+00:00,1,0.5105593986839269,0.12144192099861405
4388161847,2016-05-12 00:00:00+00:00,3,-0.9499898646545133,-1.2883017950172242
4445114986,2016-04-12 00:00:00+00:00,3,-0.974959610576005,-0.6553174039301327
4445114986,2016-04-13 00:00:00+00:00,3,-1.0614472572463114,-0.6689570965794128
4445114986,2016-04-14 00:00:00+00:00,3,-0.7930511518903913,-0.42084782789175207
4445114986,2016-04-15 00:00:00+00:00,2,-0.06647180137750293,0.3298029233750603
4445114986,2016-04-16 00:00:00+00:00,3,-0.8003736885829482,-0.46050742908362347
4445114986,2016-04-17 00:00:00+00:00,3,-1.264070336980269,-1.2425002212260123
4445114986,2016-04-18 00:00:00+00:00,2,-0.28592329797271854,-0.30307753606009336
4445114986,2016-04-19 00:00:00+00:00,3,-1.3277004703948687,-1.189669451428347
4445114986,2016-04-20 00:00:00+00:00,3,-1.3251648475877245,-1.0711335271130649
4445114986,2016-04-21 00:00:00+00:00,3,-0.8349686716068543,-0.5270815579585317
4445114986,2016-04-22 00:00:00+00:00,2,-0.1423344226776991,0.12763214485247468
4445114986,2016-04-23 00:00:00+00:00,3,-0.6965642399888667,-0.6213390988226307
4445114986,2016-04-24 00:00:00+00:00,2,-0.5443587398655985,-0.3356154315973176
4445114986,2016-04-25 00:00:00+00:00,3,-0.94571845204951,-0.7721772866916435
4445114986,2016-04-26 00:00:00+00:00,2,-0.24910082376424833,-0.1742000647118242
4445114986,2016-04-27 00:00:00+00:00,2,-0.05726409371938782,-0.028334918183229564
4445114986,2016-04-28 00:00:00+00:00,2,-0.6649985505183258,-0.3879554195783282
4445114986,2016-04-29 00:00:00+00:00,2,-0.6211000440377618,-0.45388294852078354
4445114986,2016-04-30 00:00:00+00:00,2,-0.27145364424653046,-0.040925118992231085
4445114986,2016-05-01 00:00:00+00:00,2,-0.49126700229877457,-0.36174180675007894
4445114986,2016-05-02 00:00:00+00:00,2,-0.1258861793188199,-0.047226727113923166
4445114986,2016-05-03 00:00:00+00:00,2,-0.0046523900149651395,0.18932204518909393
4445114986,2016-05-04 00:00:00+00:00,3,-1.0720935231916742,-0.7652435347868504
4445114986,2016-05-05 00:00:00+00:00,3,-0.8372731658253104,-0.6077952779425451
4445114986,2016-05-06 00:00:00+00:00,2,-0.6599296456133242,-0.43404454207700005
4445114986,2016-05-07 00:00:00+00:00,3,-0.5025082317128271,-0.6689570965794128
4445114986,2016-05-08 00:00:00+00:00,2,-0.04501823349045887,0.1708552097541206
4445114986,2016-05-09 00:00:00+00:00,2,-0.48143257232775727,-0.19340611659251702
4445114986,2016-05-10 00:00:00+00:00,3,-0.8079685802218002,-0.42084782789175207
4445114986,2016-05-11 00:00:00+00:00,1,0.30791886648192884,0.49835904083465576
4445114986,2016-05-12 00:00:00+00:00,4,-1.8051556151785202,-1.6943347500277952
4558609924,2016-04-12 00:00:00+00:00,2,-0.513556170628459,0.13381846442696782
4558609924,2016-04-13 00:00:00+00:00,3,-0.5499474742588467,-0.6417055195337316
4558609924,2016-04-14 00:00:00+00:00,2,-0.14901592828688245,-0.1104857924806235
4558609924,2016-04-15 00:00:00+00:00,1,0.05410543292598413,0.4684481160945175
4558609924,2016-04-16 00:00:00+00:00,2,-0.04787244136415545,0.3661423958057163
4558609924,2016-04-17 00:00:00+00:00,1,0.40673307839671213,0.40838405435193986
4558609924,2016-04-18 00:00:00+00:00,1,0.2766897560380318,0.6467524666789066
4558609924,2016-04-19 00:00:00+00:00,2,-0.45277561800401495,-0.1742000647118242
4558609924,2016-04-20 00:00:00+00:00,2,-0.5909879680613136,-0.48041634377630854
4558609924,2016-04-21 00:00:00+00:00,0,1.1188088267644702,1.161014901577082
4558609924,2016-04-22 00:00:00+00:00,1,0.40062535312773123,0.5281909381888413
4558609924,2016-04-23 00:00:00+00:00,2,-0.13004404166695016,0.22615452437630898
4558609924,2016-04-24 00:00:00+00:00,1,0.20456812042860123,0.5994723861262451
4558609924,2016-04-25 00:00:00+00:00,1,0.11347143501286959,0.7114575612439528
4558609924,2016-04-26 00:00:00+00:00,1,0.3160247316711448,0.6349501857874719
4558609924,2016-04-27 00:00:00+00:00,1,0.3924702770324535,0.7524542724798552
4558609924,2016-04-28 00:00:00+00:00,1,0.3727697928170024,0.5816931288778407
4558609924,2016-04-29 00:00:00+00:00,2,0.061668802601683066,0.02185492876333376
4558609924,2016-04-30 00:00:00+00:00,1,0.5319104263632717,0.462456336496525
4558609924,2016-05-01 00:00:00+00:00,3,-0.9342738920091123,-0.6963212920841625
4558609924,2016-05-02 00:00:00+00:00,1,0.07318818291130626,0.5281909381888413
4558609924,2016-05-03 00:00:00+00:00,2,-0.48326010299129707,0.14617944955048934
4558609924,2016-05-04 00:00:00+00:00,2,-0.49126700229877457,-0.28361760104857575
4558609924,2016-05-05 00:00:00+00:00,1,0.5843812641832021,0.7933148721495243
4558609924,2016-05-06 00:00:00+00:00,3,-0.8488244264620665,-0.614563835936887
4558609924,2016-05-07 00:00:00+00:00,1,0.14130218244103776,0.23228031184914627
4558609924,2016-05-08 00:00:00+00:00,1,-0.20287054640415728,1.240136016657975
4558609924,2016-05-09 00:00:00+00:00,1,0.7325821853833403,0.7290444221787117
4558609924,2016-05-10 00:00:00+00:00,2,-0.22581095371560364,-0.047226727113923166
4558609924,2016-05-11 00:00:00+00:00,1,0.30848482611329014,0.6172246571236314
4558609924,2016-05-12 00:00:00+00:00,2,-0.2531748528450716,-0.3160768668705291
4702921684,2016-04-12 00:00:00+00:00,2,-0.06340033281314303,-0.21265554030339773
4702921684,2016-04-13 00:00:00+00:00,2,-0.13274891756123394,-0.24483591620362796
4702921684,2016-04-14 00:00:00+00:00,2,0.06703497343326799,-0.16141983867211307
4702921684,2016-04-15 00:00:00+00:00,2,-0.21071472888486198,-0.13591577122286166
4702921684,2016-04-16 00:00:00+00:00,1,0.678171126000765,0.5816931288778407
4702921684,2016-04-17 00:00:00+00:00,1,0.9447517173324192,1.03576315044266
4702921684,2016-04-18 00:00:00+00:00,1,0.30791886648192884,0.12763214485247468
4702921684,2016-04-19 00:00:00+00:00,2,-0.16807690056941604,-0.46050742908362347
4702921684,2016-04-20 00:00:00+00:00,1,0.24869713078544187,0.1708552097541206
4702921684,2016-04-21 00:00:00+00:00,2,-0.20562483703479822,-0.37483759890116175
4702921684,2016-04-22 00:00:00+00:00,4,-1.4592945936409631,-1.5753397618391427
4702921684,2016-04-23 00:00:00+00:00,0,1.3409082062150244,1.5799593129463179
4702921684,2016-04-24 00:00:00+00:00,0,1.3288930355378583,1.2963829096037212
4702921684,2016-04-25 00:00:00+00:00,1,0.31960214346777027,0.13381846442696782
4702921684,2016-04-26 00:00:00+00:00,2,-0.2961065671905178,-0.3945226605176449
4702921684,2016-04-27 00:00:00+00:00,2,-0.09751715790486452,-0.1486584627079845
4702921684,2016-04-28 00:00:00+00:00,2,0.29242392965924724,-0.028334918183229564
4702921684,2016-04-29 00:00:00+00:00,1,0.4611942627665422,0.2750588763303138
4702921684,2016-04-30 00:00:00+00:00,1,0.5002148237187248,0.31158654350875953
4702921684,2016-05-02 00:00:00+00:00,2,-0.056855327721210915,-0.040925118992231085
4702921684,2016-05-03 00:00:00+00:00,1,0.37332841366151115,0.1028476749304838
4702921684,2016-05-04 00:00:00+00:00,2,0.12642792690609508,-0.02204628981247579
4702921684,2016-05-05 00:00:00+00:00,2,0.21438868910728107,-0.13591577122286166
4702921684,2016-05-06 00:00:00+00:00,2,-0.11903490254847196,-0.3486678230181738
4702921684,2016-05-07 00:00:00+00:00,0,1.2204254498721334,1.463837582237759
4702921684,2016-05-08 00:00:00+00:00,0,0.9724021685962289,1.0300423874663782
4702921684,2016-05-09 00:00:00+00:00,2,0.14032509327649192,-0.12319160126785335
4702921684,2016-05-10 00:00:00+00:00,1,0.5847388976750563,0.26285450490169393
4702921684,2016-05-11 00:00:00+00:00,1,0.4391848361761568,0.31158654350875953
4702921684,2016-05-12 00:00:00+00:00,3,-1.1206153160852925,-1.6088236299174117
5553957443,2016-04-12 00:00:00+00:00,1,0.7577735698116822,0.3903006186012826
5553957443,2016-04-13 00:00:00+00:00,2,-0.5841512459749522,-0.45388294852078354
5553957443,2016-04-14 00:00:00+00:00,0,1.634167155868239,1.3244244398717233
5553957443,2016-04-15 00:00:00+00:00,0,1.56319777186803,1.1440021457532268
5553957443,2016-04-16 00:00:00+00:00,2,-0.3699449532515324,-0.053532697729008115
5553957443,2016-04-17 00:00:00+00:00,4,-1.8572115917224559,-1.8009928742831565
5553957443,2016-04-18 00:00:00+00:00,3,-0.8560363320722421,-0.5875294392800763
5553957443,2016-04-19 00:00:00+00:00,0,1.396911053958759,1.2739105495508016
5553957443,2016-04-20 00:00:00+00:00,3,-1.1318279465842147,-0.9912537843510841
5553957443,2016-04-21 00:00:00+00:00,1,0.8863574144540495,0.6408527941802077
5553957443,2016-04-22 00:00:00+00:00,1,0.7726625741257781,0.49238321827783343
5553957443,2016-04-23 00:00:00+00:00,2,-0.7584588102836105,-0.15503680484317062
5553957443,2016-04-24 00:00:00+00:00,3,-1.4110961819353032,-1.3191184898220003
5553957443,2016-04-25 00:00:00+00:00,1,0.6439604926009448,0.4864042246782273
5553957443,2016-04-26 00:00:00+00:00,1,0.8078281306302907,0.5935489776785222
5553957443,2016-04-27 00:00:00+00:00,1,0.5713114460435248,-0.06615779931256478
5553957443,2016-04-28 00:00:00+00:00,1,0.7224744077036775,0.25674692218741363
5553957443,2016-04-29 00:00:00+00:00,1,0.9568327465115853,0.8514563131362832
5553957443,2016-04-30 00:00:00+00:00,4,-1.6261307016680622,-1.4770187422275411
5553957443,2016-05-01 00:00:00+00:00,2,-0.5068770741201414,-0.38139374175816004
5553957443,2016-05-02 00:00:00+00:00,1,0.4316433828161064,0.10904970102468897
5553957443,2016-05-03 00:00:00+00:00,1,0.9708971770140631,0.5281909381888413
5553957443,2016-05-04 00:00:00+00:00,3,-0.7245168366043057,-0.46713780071282734
5553957443,2016-05-05 00:00:00+00:00,0,1.2141506709332386,0.8107855552825844
5553957443,2016-05-06 00:00:00+00:00,1,0.40636312188872453,0.08421775015334339
5553957443,2016-05-07 00:00:00+00:00,3,-1.3909451677575528,-1.3814774479596648
5553957443,2016-05-08 00:00:00+00:00,2,-0.3015343705639072,-0.3945226605176449
5553957443,2016-05-09 00:00:00+00:00,1,0.7603732644746843,1.0471973810407045
5553957443,2016-05-10 00:00:00+00:00,0,1.532832238399432,1.363592383317676
5553957443,2016-05-11 00:00:00+00:00,3,-0.5620888607885255,-0.662133752881128
5553957443,2016-05-12 00:00:00+00:00,3,-1.0171348715682056,-1.4770187422275411
5577150313,2016-04-12 00:00:00+00:00,1,0.12132824838462115,0.8049647047685082
5577150313,2016-04-13 00:00:00+00:00,2,-0.52695411081835,-0.5538835242266786
5577150313,2016-04-14 00:00:00+00:00,1,0.2109249357642598,1.7061580716331584
5577150313,2016-04-15 00:00:00+00:00,0,0.842270525931762,2.041584863905416
5577150313,2016-04-16 00:00:00+00:00,0,1.20416306362021,2.9307216470116275
5577150313,2016-04-17 00:00:00+00:00,0,0.8668225138915395,2.986906714399282
5577150313,2016-04-18 00:00:00+00:00,1,0.4544179993537042,1.408228838390465
5577150313,2016-04-19 00:00:00+00:00,0,0.9249002459868222,1.0985322587534128
5577150313,2016-04-20 00:00:00+00:00,1,0.15943838639420252,0.6644339559728885
5577150313,2016-04-21 00:00:00+00:00,0,0.6234032745712645,2.046941164739714
5577150313,2016-04-22 00:00:00+00:00,1,0.3205431361568524,0.8977783886127502
5577150313,2016-04-23 00:00:00+00:00,2,0.022718904134065066,0.2872489400837202
5577150313,2016-04-24 00:00:00+00:00,0,1.4409535135207863,3.331029061520055
5577150313,2016-04-25 00:00:00+00:00,1,-0.23476855534347763,1.0529108610327593
5577150313,2016-04-26 00:00:00+00:00,2,-0.4700323995741854,0.38426611836479785
5577150313,2016-04-27 00:00:00+00:00,1,-0.14776230901782098,0.693845193380569
5577150313,2016-04-28 00:00:00+00:00,1,0.4448795888805787,1.4304970238808823
5577150313,2016-04-29 00:00:00+00:00,1,0.07972908412579911,1.363592383317676
5577150313,2016-04-30 00:00:00+00:00,0,0.8892397686540897,3.195036496390917
5577150313,2016-05-01 00:00:00+00:00,0,1.0572579003858842,3.3460886434161825
5577150313,2016-05-02 00:00:00+00:00,1,-0.017390529335260536,0.5460526593063834
5577150313,2016-05-03 00:00:00+00:00,1,0.6614447771283065,1.3132143151327462
5577150313,2016-05-04 00:00:00+00:00,2,-0.4972271253728822,-0.4010954929957905
5577150313,2016-05-05 00:00:00+00:00,2,0.005027743152557681,0.14617944955048934
5577150313,2016-05-06 00:00:00+00:00,2,-0.5564795980189956,-0.4010954929957905
5577150313,2016-05-09 00:00:00+00:00,3,-0.936133520912509,-0.6689570965794128
5577150313,2016-05-10 00:00:00+00:00,1,0.2631897869054377,1.6514122283528074
5577150313,2016-05-11 00:00:00+00:00,3,-0.7769569091538874,-0.4406515358316247
6117666160,2016-04-15 00:00:00+00:00,0,1.163735309576976,1.346818918789117
6117666160,2016-04-16 00:00:00+00:00,0,1.2332781708303635,1.5909732207405871
6117666160,2016-04-17 00:00:00+00:00,2,-0.07631559185736365,0.09664168460649711
6117666160,2016-04-18 00:00:00+00:00,2,-0.5094089752547477,-0.35520210243096273
6117666160,2016-04-19 00:00:00+00:00,1,0.6772920396709003,1.092837931868025
6117666160,2016-04-20 00:00:00+00:00,1,0.5553340605083684,0.9035569107732528
6117666160,2016-04-21 00:00:00+00:00,0,2.0068094913641157,0.42042306792348993
6117666160,2016-04-22 00:00:00+00:00,1,0.13524087705505775,0.6408527941802077
6117666160,2016-04-23 00:00:00+00:00,0,0.740238205678843,1.2739105495508016
6117666160,2016-04-24 00:00:00+00:00,1,0.019708429551434002,0.40235957549078316
6117666160,2016-04-26 00:00:00+00:00,1,0.38987272595849837,0.42643762444133376
6117666160,2016-04-27 00:00:00+00:00,1,0.36531557367775164,0.9669515579346217
6117666160,2016-04-28 00:00:00+00:00,3,-0.9409215502938387,-1.0419430171691333
6117666160,2016-04-29 00:00:00+00:00,1,0.39895833533652647,0.9841879113647611
6117666160,2016-04-30 00:00:00+00:00,2,-0.10991756892250973,0.2872489400837202
6117666160,2016-05-01 00:00:00+00:00,1,0.27194054086452196,0.6113102167900614
6117666160,2016-05-02 00:00:00+00:00,2,-0.5604518397005824,-0.3879554195783282
6117666160,2016-05-04 00:00:00+00:00,3,-1.0514053479365468,-0.933906301991847
6117666160,2016-05-05 00:00:00+00:00,1,0.4371626040306055,1.1326487138826296
6117666160,2016-05-06 00:00:00+00:00,3,-0.9510588263277884,-1.1004950180457544
6117666160,2016-05-07 00:00:00+00:00,1,-0.038298023561619134,0.6997188304994498
6117666160,2016-05-08 00:00:00+00:00,2,-0.039926192102085825,0.13381846442696782
6117666160,2016-05-09 00:00:00+00:00,3,-0.6688661407658789,-0.6485080069229145
6290855005,2016-04-12 00:00:00+00:00,3,-0.6483744621958687,-0.634909899906898
6290855005,2016-04-13 00:00:00+00:00,2,-0.07795846929432874,0.3298029233750603
6290855005,2016-04-14 00:00:00+00:00,1,0.029334674627544036,0.40838405435193986
6290855005,2016-04-15 00:00:00+00:00,1,0.38207205756713974,0.19547011561400765
6290855005,2016-04-16 00:00:00+00:00,2,0.15379065030309694,-0.24483591620362796
6290855005,2016-04-17 00:00:00+00:00,1,0.06524696772611417,0.2811556903828211
6290855005,2016-04-18 00:00:00+00:00,2,-0.1310841669812592,-0.16141983867211307
6290855005,2016-04-19 00:00:00+00:00,2,-0.07795846929432874,0.15235414425299104
6290855005,2016-04-20 00:00:00+00:00,2,-0.241607225687982,-0.24483591620362796
6290855005,2016-04-22 00:00:00+00:00,2,-0.2680062857855326,0.034360338972827184
6290855005,2016-04-23 00:00:00+00:00,4,-2.3348296183588655,-1.3579754113981173
6290855005,2016-04-24 00:00:00+00:00,2,-0.3423851609782322,-0.24483591620362796
6290855005,2016-04-25 00:00:00+00:00,2,0.055499653193478195,-0.1104857924806235
6290855005,2016-04-27 00:00:00+00:00,2,-0.4158240958136854,-0.059843049020930565
6290855005,2016-04-28 00:00:00+00:00,2,-0.3788080899554638,-0.2642039453019323
6290855005,2016-04-30 00:00:00+00:00,2,-0.16052554247997938,0.1708552097541206
6290855005,2016-05-01 00:00:00+00:00,1,0.44414513525657406,1.1836663480459158
6290855005,2016-05-02 00:00:00+00:00,2,-0.15277911152600615,-0.1805972989984035
6290855005,2016-05-03 00:00:00+00:00,2,-0.30936414483560054,-0.36174180675007894
6290855005,2016-05-04 00:00:00+00:00,2,-0.3564699493983119,-0.15503680484317062
6290855005,2016-05-05 00:00:00+00:00,2,-0.2463157975301993,-0.3682869631115166
6290855005,2016-05-06 00:00:00+00:00,2,-0.29437131319822396,0.053087458998078485
6290855005,2016-05-07 00:00:00+00:00,2,-0.42817335614063345,-0.4472643277579416
6290855005,2016-05-08 00:00:00+00:00,2,0.036340525305273354,-0.2900990711913111
6290855005,2016-05-09 00:00:00+00:00,2,-0.2596162877272476,-0.20623421025590927
6775888955,2016-04-13 00:00:00+00:00,3,-0.7731977706601113,-0.8209335686515792
6775888955,2016-04-14 00:00:00+00:00,3,-0.5073372792705034,-0.662133752881128
6775888955,2016-04-15 00:00:00+00:00,4,-1.5958183146533294,-1.6943347500277952
6775888955,2016-04-16 00:00:00+00:00,3,-0.6077874434953792,-0.9553410434481634
6775888955,2016-04-17 00:00:00+00:00,3,-1.1949843061935417,-1.4931994663364385
6775888955,2016-04-18 00:00:00+00:00,2,0.15242636963161954,0.009332833416652085
6775888955,2016-04-20 00:00:00+00:00,0,0.6129178954744295,1.8367991934315127
6775888955,2016-04-22 00:00:00+00:00,4,-1.8657846343683557,-2.055616436491085
6775888955,2016-04-24 00:00:00+00:00,3,-1.2996815303113571,-1.5094593222859578
6775888955,2016-04-25 00:00:00+00:00,2,-0.2175114862090904,-0.5137180439957632
6775888955,2016-04-26 00:00:00+00:00,2,-0.08844699816530034,-0.4076739456997546
6775888955,2016-04-28 00:00:00+00:00,4,-1.8347434691022673,-1.791908553280271
6775888955,2016-04-30 00:00:00+00:00,3,-1.1932047589664356,-1.2653391059624277
6775888955,2016-05-01 00:00:00+00:00,3,-1.1979535478579917,-1.0129176824898773
6775888955,2016-05-03 00:00:00+00:00,4,-2.305400212384473,-2.299996328483598
6775888955,2016-05-06 00:00:00+00:00,3,-0.6161013141416493,-0.7583174828158759
6775888955,2016-05-07 00:00:00+00:00,4,-1.3587242554665035,-1.6341951693882124
6962181067,2016-04-12 00:00:00+00:00,1,0.510196774171862,0.4324488952096072
6962181067,2016-04-13 00:00:00+00:00,2,-0.39637666755045975,-0.5337726297412392
6962181067,2016-04-14 00:00:00+00:00,4,-1.4984151561024541,-1.4609148939936172
6962181067,2016-04-15 00:00:00+00:00,2,-0.4162724092197068,-0.5137180439957632
6962181067,2016-04-16 00:00:00+00:00,1,1.0323031667807359,0.8398494502729404
6962181067,2016-04-17 00:00:00+00:00,1,0.5003964825414652,0.24452089879398686
6962181067,2016-04-18 00:00:00+00:00,1,0.724392781432892,0.39633176726397495
6962181067,2016-04-19 00:00:00+00:00,1,0.60775669845182,0.5222308210442423
6962181067,2016-04-20 00:00:00+00:00,0,1.1489570885817906,0.9151062073388008
6962181067,2016-04-21 00:00:00+00:00,1,0.7990566783197605,0.787485874852429
6962181067,2016-04-22 00:00:00+00:00,1,0.6047289019131115,0.6053927961354587
6962181067,2016-04-23 00:00:00+00:00,0,2.0771203109546454,1.7770512388913104
6962181067,2016-04-24 00:00:00+00:00,3,-0.5380826196835014,-0.634909899906898
6962181067,2016-04-25 00:00:00+00:00,1,1.0359451417854009,0.9151062073388008
6962181067,2016-04-26 00:00:00+00:00,1,0.552456678718298,0.4864042246782273
6962181067,2016-04-27 00:00:00+00:00,1,0.5320910009760595,0.4864042246782273
6962181067,2016-04-28 00:00:00+00:00,1,0.9338246150060919,0.7349010790840946
6962181067,2016-04-29 00:00:00+00:00,1,0.6113166657397242,0.8340420274765945
6962181067,2016-04-30 00:00:00+00:00,1,0.48875764689647827,0.42042306792348993
6962181067,2016-05-01 00:00:00+00:00,2,-0.44079155826551175,-0.5270815579585317
6962181067,2016-05-02 00:00:00+00:00,1,0.9815913413753741,0.8919972746032244
6962181067,2016-05-03 00:00:00+00:00,1,0.8460281227341295,0.6408527941802077
6962181067,2016-05-04 00:00:00+00:00,1,0.5007597813865592,0.6349501857874719
6962181067,2016-05-05 00:00:00+00:00,1,0.5688012889151013,0.575760670101743
6962181067,2016-05-06 00:00:00+00:00,2,-0.339750232804506,0.01559597509008627
6962181067,2016-05-07 00:00:00+00:00,2,-0.14567380290453183,0.19547011561400765
6962181067,2016-05-08 00:00:00+00:00,3,-0.739581641992678,-0.7721772866916435
6962181067,2016-05-09 00:00:00+00:00,1,0.8856790116345484,0.6408527941802077
6962181067,2016-05-10 00:00:00+00:00,0,1.391582078669314,1.3691792984103641
6962181067,2016-05-11 00:00:00+00:00,2,-0.16513857991144057,-0.07247696706778141
6962181067,2016-05-12 00:00:00+00:00,3,-0.8923846278689516,-1.189669451428347
7007744171,2016-04-12 00:00:00+00:00,0,1.1885067630505042,1.374764101645676
7007744171,2016-04-13 00:00:00+00:00,0,0.9732381157014673,1.0529108610327593
7007744171,2016-04-14 00:00:00+00:00,1,0.6850232667506707,0.7349010790840946
7007744171,2016-04-15 00:00:00+00:00,2,-0.4818893639966847,-0.614563835936887
7007744171,2016-04-16 00:00:00+00:00,3,-0.63183814872143,-0.6077952779425451
7007744171,2016-04-17 00:00:00+00:00,2,0.10638867766725317,0.053087458998078485
7007744171,2016-04-18 00:00:00+00:00,0,1.2917648517067393,1.1496753776096018
7007744171,2016-04-19 00:00:00+00:00,0,1.1920609567031708,1.189323491881661
7007744171,2016-04-20 00:00:00+00:00,0,1.4100592292677365,1.722545525067387
7007744171,2016-04-21 00:00:00+00:00,0,1.1189721707508418,1.1212859529517667
7007744171,2016-04-22 00:00:00+00:00,0,1.368180032604701,1.5026424546125088
7007744171,2016-04-23 00:00:00+00:00,2,0.11307823810148748,-0.1104857924806235
7007744171,2016-04-24 00:00:00+00:00,1,0.6684935631701384,0.7407549344286403
7007744171,2016-04-25 00:00:00+00:00,0,1.8148991742603489,1.6514122283528074
7007744171,2016-04-26 00:00:00+00:00,0,1.3352194499182863,1.2963829096037212
7007744171,2016-04-27 00:00:00+00:00,0,1.0857274824210936,1.2682869816544857
7007744171,2016-04-28 00:00:00+00:00,0,1.3412241092039112,1.0985322587534128
7007744171,2016-04-29 00:00:00+00:00,0,2.0822726839976378,1.9287182045224514
7007744171,2016-04-30 00:00:00+00:00,3,-0.8472814701756164,-0.6281211066492262
7007744171,2016-05-01 00:00:00+00:00,2,-0.4079877147608475,-0.38139374175816004
7007744171,2016-05-02 00:00:00+00:00,0,1.003090557570056,1.03576315044266
7007744171,2016-05-03 00:00:00+00:00,0,1.2429013732727394,1.574449446340575
7007744171,2016-05-05 00:00:00+00:00,0,1.322560733374576,1.3300262735136477
7007744171,2016-05-06 00:00:00+00:00,1,0.7339749538645226,0.6585430389064675
7007744171,2016-05-07 00:00:00+00:00,4,-2.3348296183588655,-2.324469545819364
7086361926,2016-04-12 00:00:00+00:00,1,0.7092024283205713,0.2811556903828211
7086361926,2016-04-13 00:00:00+00:00,2,-0.3606617690518676,0.02185492876333376
7086361926,2016-04-14 00:00:00+00:00,1,0.31131364622101004,0.3782282553483362
7086361926,2016-04-15 00:00:00+00:00,2,0.20880694790661603,-0.16141983867211307
7086361926,2016-04-16 00:00:00+00:00,4,-2.2690776185899235,-2.2655325397031327
7086361926,2016-04-18 00:00:00+00:00,1,0.44230854373145306,0.6231361261198223
7086361926,2016-04-19 00:00:00+00:00,1,0.5981331788075778,0.9956663478628308
7086361926,2016-04-20 00:00:00+00:00,0,1.21962132442684,0.8166037053298784
7086361926,2016-04-21 00:00:00+00:00,2,0.376120587825938,-0.13591577122286166
7086361926,2016-04-22 00:00:00+00:00,1,0.4286973728090866,0.8919972746032244
7086361926,2016-04-23 00:00:00+00:00,3,-1.1020503692526102,-1.4289293688485452
7086361926,2016-04-24 00:00:00+00:00,3,-0.9099551777009585,-1.1597561314623437
7086361926,2016-04-25 00:00:00+00:00,1,0.49057791597908856,0.7114575612439528
7086361926,2016-04-26 00:00:00+00:00,1,0.5441755894766392,0.6762070950030914
7086361926,2016-04-27 00:00:00+00:00,1,0.6723666004667074,0.15852499298508824
7086361926,2016-04-28 00:00:00+00:00,1,0.7556929665537823,0.7407549344286403
7086361926,2016-04-29 00:00:00+00:00,2,0.0712042025685598,0.18317021331983846
7086361926,2016-04-30 00:00:00+00:00,0,1.2509100739886794,1.0243191844100583
7086361926,2016-05-01 00:00:00+00:00,1,0.89381477583695,0.49835904083465576
7086361926,2016-05-02 00:00:00+00:00,1,0.48347528907938403,0.5638866373509042
7086361926,2016-05-03 00:00:00+00:00,1,0.5263095714665855,0.5994723861262451
7086361926,2016-05-04 00:00:00+00:00,1,0.6513847990915377,-0.015761952565267825
7086361926,2016-05-05 00:00:00+00:00,2,0.20476087703246393,-0.30307753606009336
7086361926,2016-05-06 00:00:00+00:00,1,0.9058287306365671,1.0700368334001569
7086361926,2016-05-07 00:00:00+00:00,1,0.967384094266254,0.34798810149331433
7086361926,2016-05-08 00:00:00+00:00,1,0.5961707477868811,0.003065486872876871
7086361926,2016-05-09 00:00:00+00:00,0,1.089831027874383,1.0471973810407045
7086361926,2016-05-10 00:00:00+00:00,1,1.2305490557565788,0.4384568909689961
7086361926,2016-05-11 00:00:00+00:00,1,0.395251890027647,0.5043317024128574
7086361926,2016-05-12 00:00:00+00:00,3,-0.8400923658047806,-1.5013193570877004
8053475328,2016-04-12 00:00:00+00:00,0,1.789851701315617,1.1326487138826296
8053475328,2016-04-13 00:00:00+00:00,0,1.5443493886059545,1.00713487203358
8053475328,2016-04-14 00:00:00+00:00,0,2.095425184560131,1.54134920817505
8053475328,2016-04-15 00:00:00+00:00,0,2.167958561238471,1.5964772701224024
8053475328,2016-04-16 00:00:00+00:00,1,1.2491489867910324,0.5281909381888413
8053475328,2016-04-17 00:00:00+00:00,0,1.9028839078620206,1.5964772701224024
8053475328,2016-04-18 00:00:00+00:00,0,1.6423468384028097,1.2795319211683582
8053475328,2016-04-19 00:00:00+00:00,0,1.4665951310844165,1.0643305811131385
8053475328,2016-04-20 00:00:00+00:00,0,1.3380644211162682,0.8340420274765945
8053475328,2016-04-21 00:00:00+00:00,0,1.486422827505666,1.1042242184256175
8053475328,2016-04-22 00:00:00+00:00,1,0.5680838865402358,0.04060682863625322
8053475328,2016-04-23 00:00:00+00:00,0,2.403965247834318,1.9017352018249611
8053475328,2016-04-24 00:00:00+00:00,0,2.4901961539729065,1.9502738224296798
8053475328,2016-04-25 00:00:00+00:00,0,2.1439931221920654,1.6568952583522853
8053475328,2016-04-26 00:00:00+00:00,1,0.9435758951075429,0.6231361261198223
8053475328,2016-04-27 00:00:00+00:00,1,0.8992324905841124,0.5281909381888413
8053475328,2016-04-28 00:00:00+00:00,0,1.391425281993823,0.8688467597369489
8053475328,2016-04-29 00:00:00+00:00,1,0.8810977779753173,0.3237342794874669
8053475328,2016-04-30 00:00:00+00:00,2,-0.07939651547325256,-0.5337726297412392
8053475328,2016-05-01 00:00:00+00:00,4,-1.638452207406627,-1.7559476339149431
8053475328,2016-05-02 00:00:00+00:00,3,-1.358079257354906,-1.3893439354409034
8053475328,2016-05-03 00:00:00+00:00,0,1.3972243954655672,1.03576315044266
8053475328,2016-05-04 00:00:00+00:00,1,1.254270857011907,0.6644339559728885
8053475328,2016-05-05 00:00:00+00:00,0,1.3193923677571056,0.787485874852429
8053475328,2016-05-06 00:00:00+00:00,1,1.153020397440101,0.5698251760400167
8053475328,2016-05-07 00:00:00+00:00,0,2.039524330232251,1.4915654256531357
8053475328,2016-05-08 00:00:00+00:00,0,2.3579701867245775,1.9287182045224514
8053475328,2016-05-09 00:00:00+00:00,1,0.906504859234524,0.4504631001035027
8053475328,2016-05-10 00:00:00+00:00,0,1.2908101594165222,0.7641425000034741
8053475328,2016-05-11 00:00:00+00:00,1,0.8630780899964864,0.49835904083465576
8053475328,2016-05-12 00:00:00+00:00,3,-0.5452895427423354,-1.115241800054607
8253242879,2016-04-12 00:00:00+00:00,2,0.2943161869595378,-0.11683641165150797
8253242879,2016-04-13 00:00:00+00:00,2,0.10520714246182163,-0.4737740949819838
8253242879,2016-04-14 00:00:00+00:00,3,-0.4908089611857487,-0.9625045765490129
8253242879,2016-04-15 00:00:00+00:00,3,-1.1436765881478002,-1.3113924277392197
8253242879,2016-04-16 00:00:00+00:00,2,0.3363250746137805,-0.3945226605176449
8253242879,2016-04-17 00:00:00+00:00,1,0.5111032887990166,-0.040925118992231085
8253242879,2016-04-18 00:00:00+00:00,2,-0.5098695240700636,-0.5605998342051965
8253242879,2016-04-19 00:00:00+00:00,3,-0.7336454014481969,-0.8771442739292146
8253242879,2016-04-20 00:00:00+00:00,2,-0.21921251131444816,-0.18699930913442295
8253242879,2016-04-21 00:00:00+00:00,1,0.7006289524905458,0.38426611836479785
8253242879,2016-04-22 00:00:00+00:00,3,-1.1000600571776462,-1.1971784832313954
8253242879,2016-04-23 00:00:00+00:00,1,0.34119978847209553,0.22615452437630898
8253242879,2016-04-24 00:00:00+00:00,2,0.2700395499732397,-0.5404699578101496
8253242879,2016-04-25 00:00:00+00:00,2,-0.1427516953773905,-0.3160768668705291
8253242879,2016-04-26 00:00:00+00:00,3,-0.6483744621958687,-0.6757874783141602
8253242879,2016-04-27 00:00:00+00:00,2,0.5161769008085972,-0.30307753606009336
8253242879,2016-04-28 00:00:00+00:00,3,-1.130387292143034,-1.4689573450226605
8253242879,2016-04-29 00:00:00+00:00,2,-0.26327121664652936,-0.5471735774287599
8378563200,2016-04-12 00:00:00+00:00,1,0.020310690215320656,0.5162675825985193
8378563200,2016-04-13 00:00:00+00:00,0,0.8931372173415548,1.458285931738102
8378563200,2016-04-14 00:00:00+00:00,0,1.049005721650675,1.6788085459601512
8378563200,2016-04-15 00:00:00+00:00,1,1.2350434700139525,0.7231849556484901
8378563200,2016-04-16 00:00:00+00:00,1,0.6899375935127576,0.4864042246782273
8378563200,2016-04-17 00:00:00+00:00,3,-1.3062556112547201,-1.4051268587059775
8378563200,2016-04-18 00:00:00+00:00,0,1.1003240628884616,1.458285931738102
8378563200,2016-04-19 00:00:00+00:00,0,1.007913449533168,1.497104943487485
8378563200,2016-04-20 00:00:00+00:00,1,0.36102437674744875,0.8107855552825844
8378563200,2016-04-21 00:00:00+00:00,0,1.344382335584276,1.6952238457674254
8378563200,2016-04-22 00:00:00+00:00,0,0.8615455996815025,1.3300262735136477
8378563200,2016-04-23 00:00:00+00:00,2,-0.3836920423129542,-0.5404699578101496
8378563200,2016-04-24 00:00:00+00:00,3,-0.8622330714898946,-1.085792522467556
8378563200,2016-04-25 00:00:00+00:00,0,0.8963549386403947,1.3412235080599693
8378563200,2016-04-26 00:00:00+00:00,0,1.5097423327548727,1.0185935350157316
8378563200,2016-04-27 00:00:00+00:00,2,-0.03362049677537104,-0.5471735774287599
8378563200,2016-04-28 00:00:00+00:00,2,-0.44915346880274876,-0.6826249418682537
8378563200,2016-04-29 00:00:00+00:00,2,-0.28159825199239447,-0.662133752881128
8378563200,2016-04-30 00:00:00+00:00,3,-1.065643984641221,-1.189669451428347
8378563200,2016-05-01 00:00:00+00:00,1,0.7270077022249076,0.3903006186012826
8378563200,2016-05-02 00:00:00+00:00,2,-0.30566472426292335,0.26285450490169393
8378563200,2016-05-03 00:00:00+00:00,1,0.23320266059024988,0.9093328480411736
8378563200,2016-05-04 00:00:00+00:00,2,0.07001339143860512,-0.3356154315973176
8378563200,2016-05-05 00:00:00+00:00,1,0.20533909958365562,0.7349010790840946
8378563200,2016-05-06 00:00:00+00:00,1,-0.09792990810671394,0.6172246571236314
8378563200,2016-05-07 00:00:00+00:00,3,-0.671043786071499,-0.9196623066182659
8378563200,2016-05-08 00:00:00+00:00,3,-1.0664842267445653,-1.0565172709915815
8378563200,2016-05-09 00:00:00+00:00,1,0.16954816035097817,0.6879686973454666
8378563200,2016-05-10 00:00:00+00:00,2,-0.19461914205207373,0.4324488952096072
8378563200,2016-05-11 00:00:00+00:00,1,0.3150828754309056,0.7466059962340077
8378563200,2016-05-12 00:00:00+00:00,3,-0.6486147598517517,-1.063820103257296
8583815059,2016-04-12 00:00:00+00:00,2,-0.5415678930171789,-0.5605998342051965
8583815059,2016-04-13 00:00:00+00:00,2,-0.4144794938147267,-0.5270815579585317
8583815059,2016-04-14 00:00:00+00:00,3,-1.0132958365996807,-1.0931382841958466
8583815059,2016-04-15 00:00:00+00:00,3,-0.933742813655365,-1.6341951693882124
8583815059,2016-04-18 00:00:00+00:00,3,-0.820926821024842,-0.8983636747237161
8583815059,2016-04-19 00:00:00+00:00,2,-0.3863587924458916,-0.5807873089320962
8583815059,2016-04-20 00:00:00+00:00,2,-0.4818893639966847,-0.48706457929714614
8583815059,2016-04-21 00:00:00+00:00,2,0.19974664148591448,0.01559597509008627
8583815059,2016-04-22 00:00:00+00:00,1,0.22841024691803888,0.2200250566406774
8583815059,2016-04-23 00:00:00+00:00,1,0.36755300174549094,0.31158654350875953
8583815059,2016-04-24 00:00:00+00:00,2,0.1508666981513797,0.02185492876333376
8583815059,2016-04-25 00:00:00+00:00,3,-0.6625837544730273,-0.7100465076819159
8583815059,2016-04-26 00:00:00+00:00,1,0.5643159564932917,0.6231361261198223
8583815059,2016-04-27 00:00:00+00:00,1,0.9080258709935192,0.4504631001035027
8583815059,2016-04-28 00:00:00+00:00,2,-0.2818143877354837,-0.23838993537535863
8583815059,2016-04-29 00:00:00+00:00,0,1.3475391028621173,1.374764101645676
8583815059,2016-04-30 00:00:00+00:00,1,0.4894858303323331,0.5043317024128574
8583815059,2016-05-01 00:00:00+00:00,3,-0.6604120423399517,-0.9696775416300464
8583815059,2016-05-05 00:00:00+00:00,2,0.9000785670306642,-1.5920338547498742
8583815059,2016-05-06 00:00:00+00:00,2,-0.354045291204771,-0.5203967075592025
8583815059,2016-05-07 00:00:00+00:00,2,-0.29415446232328013,-0.2965857079252527
8583815059,2016-05-08 00:00:00+00:00,1,0.32900400765532695,0.23840243227777258
8583815059,2016-05-09 00:00:00+00:00,1,0.4514849768789569,0.12144192099861405
8583815059,2016-05-10 00:00:00+00:00,2,0.1418883362970065,-0.13591577122286166
8583815059,2016-05-11 00:00:00+00:00,1,0.23109459238137592,0.23228031184914627
8792009665,2016-04-12 00:00:00+00:00,3,-1.175196584252246,-1.2273411429616874
8792009665,2016-04-13 00:00:00+00:00,4,-1.581652842349598,-1.4931994663364385
8792009665,2016-04-14 00:00:00+00:00,4,-1.6196316475784327,-1.4770187422275411
8792009665,2016-04-15 00:00:00+00:00,3,-1.1991424141057032,-1.1523079099440119
8792009665,2016-04-16 00:00:00+00:00,4,-2.083451626786379,-2.1458059527175712
8792009665,2016-04-20 00:00:00+00:00,3,-1.0100100086862367,-0.9125538490799163
8792009665,2016-04-21 00:00:00+00:00,4,-2.1564030656470794,-2.1825359928137167
8792009665,2016-04-22 00:00:00+00:00,2,-0.7694434983773991,-0.37483759890116175
8792009665,2016-04-23 00:00:00+00:00,2,-0.48829082914653704,0.3055074273433152
8792009665,2016-04-24 00:00:00+00:00,4,-1.9882022425479582,-1.8192813338700442
8792009665,2016-04-26 00:00:00+00:00,4,-1.5812820089995332,-1.5094593222859578
8792009665,2016-04-27 00:00:00+00:00,3,-1.4274560359759472,-1.2577125856755391
8792009665,2016-04-28 00:00:00+00:00,2,-0.2854905722576855,0.08421775015334339
8792009665,2016-04-29 00:00:00+00:00,1,0.1652736350524911,0.7816541467035855
8792009665,2016-04-30 00:00:00+00:00,1,-0.07139081510043392,0.45646133464126526
8792009665,2016-05-01 00:00:00+00:00,4,-1.474758593994876,-1.5176196634402506
8792009665,2016-05-02 00:00:00+00:00,3,-1.4031399303584944,-1.3423866077483446
8792009665,2016-05-03 00:00:00+00:00,3,-1.2176564974703625,-0.933906301991847
8792009665,2016-05-04 00:00:00+00:00,3,-1.2594725170529166,-1.1300336811513092
8792009665,2016-05-10 00:00:00+00:00,4,-2.3348296183588655,-2.324469545819364
8877689391,2016-04-12 00:00:00+00:00,0,2.5171688535163748,1.6568952583522853
8877689391,2016-04-13 00:00:00+00:00,0,1.3741558889380912,1.6294611588106036
8877689391,2016-04-14 00:00:00+00:00,0,2.2328451986652014,1.363592383317676
8877689391,2016-04-15 00:00:00+00:00,0,1.0661581291403284,1.7661646505939932
8877689391,2016-04-16 00:00:00+00:00,0,3.3176395816126867,2.6578564342065243
8877689391,2016-04-17 00:00:00+00:00,0,1.3396444480366116,1.2682869816544857
8877689391,2016-04-18 00:00:00+00:00,1,0.7277048113504136,-0.053532697729008115
8877689391,2016-04-19 00:00:00+00:00,0,1.8967366305738993,1.1269685024264156
8877689391,2016-04-20 00:00:00+00:00,0,2.065228861740403,1.1042242184256175
8877689391,2016-04-21 00:00:00+00:00,0,1.9829464555245646,1.1949783596570713
8877689391,2016-04-22 00:00:00+00:00,0,1.8191890763945702,0.7641425000034741
8877689391,2016-04-23 00:00:00+00:00,0,0.6887094150893485,1.8584724956026226
8877689391,2016-04-24 00:00:00+00:00,0,1.5812339509658646,0.7524542724798552
8877689391,2016-04-25 00:00:00+00:00,0,0.9939333697270025,1.6129778490349405
8877689391,2016-04-26 00:00:00+00:00,1,0.671310584059448,0.20775502706775853
8877689391,2016-04-27 00:00:00+00:00,0,2.577226699122223,1.374764101645676
8877689391,2016-04-28 00:00:00+00:00,0,1.3035282876024499,0.7524542724798552
8877689391,2016-04-29 00:00:00+00:00,2,0.42501248043863454,-0.1422847916511824
8877689391,2016-04-30 00:00:00+00:00,0,3.117648594230688,1.7770512388913104
8877689391,2016-05-01 00:00:00+00:00,1,0.6411295637736736,0.009332833416652085
8877689391,2016-05-02 00:00:00+00:00,3,-0.5940573934396993,-1.3113924277392197
8877689391,2016-05-03 00:00:00+00:00,1,0.6212722779856644,-0.028334918183229564
8877689391,2016-05-04 00:00:00+00:00,0,1.8095704539281643,0.7816541467035855
8877689391,2016-05-05 00:00:00+00:00,1,1.1695723644171048,0.7407549344286403
8877689391,2016-05-06 00:00:00+00:00,0,2.3164635290867492,1.5081779633819405
8877689391,2016-05-07 00:00:00+00:00,0,0.883982667820064,1.9879309713359863
8877689391,2016-05-08 00:00:00+00:00,1,0.5977764257661953,0.046849196556421085
8877689391,2016-05-09 00:00:00+00:00,0,2.1049904182838866,1.0586219256857368
8877689391,2016-05-10 00:00:00+00:00,1,0.6061539564248336,0.02185492876333376
8877689391,2016-05-11 00:00:00+00:00,0,2.273637765485759,1.2119293613345068
8877689391,2016-05-12 00:00:00+00:00,2,0.10737305516802005,-0.5740516896016481
