ActivityHour,Id,Calories,TotalIntensity,AverageIntensity,StepTotal,hour,dayofyear,dayofweek,dayofmonth,isweekend
2016-03-12 00:00:00+00:00,2347167796,61,0,0.0,0,0,72,5,12,True
2016-03-12 01:00:00+00:00,2347167796,61,0,0.0,0,1,72,5,12,True
2016-03-12 02:00:00+00:00,2347167796,61,0,0.0,0,2,72,5,12,True
2016-03-12 03:00:00+00:00,2347167796,64,2,0.033333,25,3,72,5,12,True
2016-03-12 04:00:00+00:00,2347167796,61,0,0.0,0,4,72,5,12,True
2016-03-12 05:00:00+00:00,2347167796,61,0,0.0,0,5,72,5,12,True
2016-03-12 06:00:00+00:00,2347167796,66,3,0.05,34,6,72,5,12,True
2016-03-12 07:00:00+00:00,2347167796,240,75,1.25,2826,7,72,5,12,True
2016-03-12 08:00:00+00:00,2347167796,280,92,1.533333,3298,8,72,5,12,True
2016-03-12 09:00:00+00:00,2347167796,103,24,0.4,258,9,72,5,12,True
2016-03-12 10:00:00+00:00,2347167796,97,15,0.25,397,10,72,5,12,True
2016-03-12 11:00:00+00:00,2347167796,152,46,0.766667,984,11,72,5,12,True
2016-03-12 12:00:00+00:00,2347167796,131,32,0.533333,1044,12,72,5,12,True
2016-03-12 13:00:00+00:00,2347167796,75,6,0.1,136,13,72,5,12,True
2016-03-12 14:00:00+00:00,2347167796,64,1,0.016667,4,14,72,5,12,True
2016-03-12 15:00:00+00:00,2347167796,123,26,0.433333,795,15,72,5,12,True
2016-03-12 16:00:00+00:00,2347167796,151,30,0.5,1251,16,72,5,12,True
2016-03-12 17:00:00+00:00,2347167796,156,42,0.7,1457,17,72,5,12,True
2016-03-12 18:00:00+00:00,2347167796,111,20,0.333333,244,18,72,5,12,True
2016-03-12 19:00:00+00:00,2347167796,87,8,0.133333,91,19,72,5,12,True
2016-03-12 20:00:00+00:00,2347167796,77,8,0.133333,112,20,72,5,12,True
2016-03-12 21:00:00+00:00,2347167796,96,18,0.3,254,21,72,5,12,True
2016-03-12 22:00:00+00:00,2347167796,76,7,0.116667,146,22,72,5,12,True
2016-03-12 23:00:00+00:00,2347167796,61,0,0.0,0,23,72,5,12,True
2016-03-13 00:00:00+00:00,2347167796,57,0,0.0,0,0,73,6,13,True
2016-03-13 01:00:00+00:00,2347167796,59,1,0.016667,21,1,73,6,13,True
2016-03-13 02:00:00+00:00,2347167796,57,0,0.0,0,2,73,6,13,True
2016-03-13 03:00:00+00:00,2347167796,60,2,0.033333,17,3,73,6,13,True
2016-03-13 04:00:00+00:00,2347167796,57,0,0.0,0,4,73,6,13,True
2016-03-13 05:00:00+00:00,2347167796,57,0,0.0,0,5,73,6,13,True
2016-03-13 06:00:00+00:00,2347167796,57,0,0.0,0,6,73,6,13,True
2016-03-13 07:00:00+00:00,2347167796,57,0,0.0,0,7,73,6,13,True
2016-03-13 08:00:00+00:00,2347167796,139,37,0.616667,1556,8,73,6,13,True
2016-03-13 09:00:00+00:00,2347167796,212,69,1.15,2606,9,73,6,13,True
2016-03-13 10:00:00+00:00,2347167796,177,57,0.95,829,10,73,6,13,True
2016-03-13 11:00:00+00:00,2347167796,165,39,0.65,1044,11,73,6,13,True
2016-03-13 12:00:00+00:00,2347167796,67,4,0.066667,39,12,73,6,13,True
2016-03-13 13:00:00+00:00,2347167796,120,29,0.483333,797,13,73,6,13,True
2016-03-13 14:00:00+00:00,2347167796,120,24,0.4,1032,14,73,6,13,True
2016-03-13 15:00:00+00:00,2347167796,110,24,0.4,812,15,73,6,13,True
2016-03-13 16:00:00+00:00,2347167796,159,46,0.766667,1007,16,73,6,13,True
2016-03-13 17:00:00+00:00,2347167796,92,14,0.233333,406,17,73,6,13,True
2016-03-13 18:00:00+00:00,2347167796,108,23,0.383333,691,18,73,6,13,True
2016-03-13 19:00:00+00:00,2347167796,259,107,1.783333,4003,19,73,6,13,True
2016-03-13 20:00:00+00:00,2347167796,136,44,0.733333,817,20,73,6,13,True
2016-03-13 21:00:00+00:00,2347167796,83,15,0.25,259,21,73,6,13,True
2016-03-13 22:00:00+00:00,2347167796,60,2,0.033333,27,22,73,6,13,True
2016-03-13 23:00:00+00:00,2347167796,60,2,0.033333,21,23,73,6,13,True
2016-03-14 00:00:00+00:00,2347167796,57,0,0.0,0,0,74,0,14,False
2016-03-14 01:00:00+00:00,2347167796,58,1,0.016667,6,1,74,0,14,False
2016-03-14 02:00:00+00:00,2347167796,60,2,0.033333,31,2,74,0,14,False
2016-03-14 03:00:00+00:00,2347167796,57,0,0.0,0,3,74,0,14,False
2016-03-14 04:00:00+00:00,2347167796,57,0,0.0,0,4,74,0,14,False
2016-03-14 05:00:00+00:00,2347167796,57,0,0.0,0,5,74,0,14,False
2016-03-14 06:00:00+00:00,2347167796,80,13,0.216667,241,6,74,0,14,False
2016-03-14 07:00:00+00:00,2347167796,83,16,0.266667,204,7,74,0,14,False
2016-03-14 08:00:00+00:00,2347167796,181,53,0.883333,2308,8,74,0,14,False
2016-03-14 09:00:00+00:00,2347167796,81,15,0.25,147,9,74,0,14,False
2016-03-14 10:00:00+00:00,2347167796,77,12,0.2,115,10,74,0,14,False
2016-03-14 11:00:00+00:00,2347167796,82,16,0.266667,189,11,74,0,14,False
2016-03-14 12:00:00+00:00,2347167796,72,9,0.15,108,12,74,0,14,False
2016-03-14 13:00:00+00:00,2347167796,99,20,0.333333,618,13,74,0,14,False
2016-03-14 14:00:00+00:00,2347167796,75,11,0.183333,123,14,74,0,14,False
2016-03-14 15:00:00+00:00,2347167796,72,8,0.133333,115,15,74,0,14,False
2016-03-14 16:00:00+00:00,2347167796,87,15,0.25,383,16,74,0,14,False
2016-03-14 17:00:00+00:00,2347167796,104,24,0.4,617,17,74,0,14,False
2016-03-14 18:00:00+00:00,2347167796,145,36,0.6,1458,18,74,0,14,False
2016-03-14 19:00:00+00:00,2347167796,134,33,0.55,1266,19,74,0,14,False
2016-03-14 20:00:00+00:00,2347167796,129,36,0.6,807,20,74,0,14,False
2016-03-14 21:00:00+00:00,2347167796,170,50,0.833333,1600,21,74,0,14,False
2016-03-14 22:00:00+00:00,2347167796,67,5,0.083333,36,22,74,0,14,False
2016-03-14 23:00:00+00:00,2347167796,57,0,0.0,0,23,74,0,14,False
2016-03-15 00:00:00+00:00,2347167796,57,0,0.0,0,0,75,1,15,False
2016-03-15 01:00:00+00:00,2347167796,58,0,0.0,0,1,75,1,15,False
2016-03-15 02:00:00+00:00,2347167796,57,0,0.0,0,2,75,1,15,False
2016-03-15 03:00:00+00:00,2347167796,60,2,0.033333,23,3,75,1,15,False
2016-03-15 04:00:00+00:00,2347167796,57,0,0.0,0,4,75,1,15,False
2016-03-15 05:00:00+00:00,2347167796,57,0,0.0,0,5,75,1,15,False
2016-03-15 06:00:00+00:00,2347167796,58,1,0.016667,6,6,75,1,15,False
2016-03-15 07:00:00+00:00,2347167796,105,24,0.4,465,7,75,1,15,False
2016-03-15 08:00:00+00:00,2347167796,134,30,0.5,1108,8,75,1,15,False
2016-03-15 09:00:00+00:00,2347167796,83,14,0.233333,198,9,75,1,15,False
2016-03-15 10:00:00+00:00,2347167796,72,9,0.15,79,10,75,1,15,False
2016-03-15 11:00:00+00:00,2347167796,85,16,0.266667,215,11,75,1,15,False
2016-03-15 12:00:00+00:00,2347167796,77,11,0.183333,112,12,75,1,15,False
2016-03-15 13:00:00+00:00,2347167796,85,11,0.183333,233,13,75,1,15,False
2016-03-15 14:00:00+00:00,2347167796,75,10,0.166667,135,14,75,1,15,False
2016-03-15 15:00:00+00:00,2347167796,75,11,0.183333,89,15,75,1,15,False
2016-03-15 16:00:00+00:00,2347167796,90,17,0.283333,372,16,75,1,15,False
2016-03-15 17:00:00+00:00,2347167796,103,24,0.4,456,17,75,1,15,False
2016-03-15 18:00:00+00:00,2347167796,207,73,1.216667,3019,18,75,1,15,False
2016-03-15 19:00:00+00:00,2347167796,263,95,1.583333,3795,19,75,1,15,False
2016-03-15 20:00:00+00:00,2347167796,75,10,0.166667,160,20,75,1,15,False
2016-03-15 21:00:00+00:00,2347167796,64,4,0.066667,50,21,75,1,15,False
2016-03-15 22:00:00+00:00,2347167796,58,1,0.016667,4,22,75,1,15,False
2016-03-15 23:00:00+00:00,2347167796,59,2,0.033333,11,23,75,1,15,False
2016-03-16 00:00:00+00:00,2347167796,67,7,0.116667,59,0,76,2,16,False
2016-03-16 01:00:00+00:00,2347167796,57,0,0.0,0,1,76,2,16,False
2016-03-16 02:00:00+00:00,2347167796,57,0,0.0,0,2,76,2,16,False
2016-03-16 03:00:00+00:00,2347167796,57,0,0.0,0,3,76,2,16,False
2016-03-16 04:00:00+00:00,2347167796,57,0,0.0,0,4,76,2,16,False
2016-03-16 05:00:00+00:00,2347167796,57,0,0.0,0,5,76,2,16,False
2016-03-16 06:00:00+00:00,2347167796,58,1,0.016667,10,6,76,2,16,False
2016-03-16 07:00:00+00:00,2347167796,108,32,0.533333,480,7,76,2,16,False
2016-03-16 08:00:00+00:00,2347167796,140,36,0.6,1338,8,76,2,16,False
2016-03-16 09:00:00+00:00,2347167796,78,13,0.216667,116,9,76,2,16,False
2016-03-16 10:00:00+00:00,2347167796,70,7,0.116667,59,10,76,2,16,False
2016-03-16 11:00:00+00:00,2347167796,68,7,0.116667,56,11,76,2,16,False
2016-03-16 12:00:00+00:00,2347167796,85,16,0.266667,277,12,76,2,16,False
2016-03-16 13:00:00+00:00,2347167796,93,20,0.333333,402,13,76,2,16,False
2016-03-16 14:00:00+00:00,2347167796,77,12,0.2,136,14,76,2,16,False
2016-03-16 15:00:00+00:00,2347167796,61,1,0.016667,8,15,76,2,16,False
2016-03-16 16:00:00+00:00,2347167796,69,7,0.116667,55,16,76,2,16,False
2016-03-16 17:00:00+00:00,2347167796,100,24,0.4,477,17,76,2,16,False
2016-03-16 18:00:00+00:00,2347167796,162,38,0.633333,1963,18,76,2,16,False
2016-03-16 19:00:00+00:00,2347167796,57,0,0.0,0,19,76,2,16,False
2016-03-16 20:00:00+00:00,2347167796,58,1,0.016667,9,20,76,2,16,False
2016-03-16 21:00:00+00:00,2347167796,272,102,1.7,3342,21,76,2,16,False
2016-03-16 22:00:00+00:00,2347167796,121,33,0.55,1219,22,76,2,16,False
2016-03-16 23:00:00+00:00,2347167796,58,1,0.016667,10,23,76,2,16,False
2016-03-17 00:00:00+00:00,2347167796,57,0,0.0,0,0,77,3,17,False
2016-03-17 01:00:00+00:00,2347167796,60,2,0.033333,26,1,77,3,17,False
2016-03-17 02:00:00+00:00,2347167796,57,0,0.0,0,2,77,3,17,False
2016-03-17 03:00:00+00:00,2347167796,57,0,0.0,0,3,77,3,17,False
2016-03-17 04:00:00+00:00,2347167796,57,0,0.0,0,4,77,3,17,False
2016-03-17 05:00:00+00:00,2347167796,57,0,0.0,0,5,77,3,17,False
2016-03-17 06:00:00+00:00,2347167796,57,0,0.0,0,6,77,3,17,False
2016-03-17 07:00:00+00:00,2347167796,74,9,0.15,128,7,77,3,17,False
2016-03-17 08:00:00+00:00,2347167796,133,31,0.516667,1142,8,77,3,17,False
2016-03-17 09:00:00+00:00,2347167796,76,11,0.183333,104,9,77,3,17,False
2016-03-17 10:00:00+00:00,2347167796,81,16,0.266667,144,10,77,3,17,False
2016-03-17 11:00:00+00:00,2347167796,72,9,0.15,85,11,77,3,17,False
2016-03-17 12:00:00+00:00,2347167796,88,14,0.233333,412,12,77,3,17,False
2016-03-17 13:00:00+00:00,2347167796,106,23,0.383333,683,13,77,3,17,False
2016-03-17 14:00:00+00:00,2347167796,103,28,0.466667,428,14,77,3,17,False
2016-03-17 15:00:00+00:00,2347167796,83,14,0.233333,255,15,77,3,17,False
2016-03-17 16:00:00+00:00,2347167796,82,15,0.25,203,16,77,3,17,False
2016-03-17 17:00:00+00:00,2347167796,94,21,0.35,373,17,77,3,17,False
2016-03-17 18:00:00+00:00,2347167796,159,39,0.65,1821,18,77,3,17,False
2016-03-17 19:00:00+00:00,2347167796,211,73,1.216667,2515,19,77,3,17,False
2016-03-17 20:00:00+00:00,2347167796,73,7,0.116667,141,20,77,3,17,False
2016-03-17 21:00:00+00:00,2347167796,101,20,0.333333,679,21,77,3,17,False
2016-03-17 22:00:00+00:00,2347167796,108,17,0.283333,952,22,77,3,17,False
2016-03-17 23:00:00+00:00,2347167796,57,0,0.0,0,23,77,3,17,False
2016-03-18 00:00:00+00:00,2347167796,60,2,0.033333,15,0,78,4,18,False
2016-03-18 01:00:00+00:00,2347167796,57,0,0.0,0,1,78,4,18,False
2016-03-18 02:00:00+00:00,2347167796,57,0,0.0,0,2,78,4,18,False
2016-03-18 03:00:00+00:00,2347167796,60,2,0.033333,10,3,78,4,18,False
2016-03-18 04:00:00+00:00,2347167796,57,0,0.0,0,4,78,4,18,False
2016-03-18 05:00:00+00:00,2347167796,57,0,0.0,0,5,78,4,18,False
2016-03-18 06:00:00+00:00,2347167796,57,0,0.0,0,6,78,4,18,False
2016-03-18 07:00:00+00:00,2347167796,60,2,0.033333,15,7,78,4,18,False
2016-03-18 08:00:00+00:00,2347167796,76,11,0.183333,131,8,78,4,18,False
2016-03-18 09:00:00+00:00,2347167796,120,25,0.416667,1009,9,78,4,18,False
2016-03-18 10:00:00+00:00,2347167796,66,5,0.083333,62,10,78,4,18,False
2016-03-18 11:00:00+00:00,2347167796,89,16,0.266667,441,11,78,4,18,False
2016-03-18 12:00:00+00:00,2347167796,104,20,0.333333,757,12,78,4,18,False
2016-03-18 13:00:00+00:00,2347167796,77,12,0.2,158,13,78,4,18,False
2016-03-18 14:00:00+00:00,2347167796,77,11,0.183333,236,14,78,4,18,False
2016-03-18 15:00:00+00:00,2347167796,67,7,0.116667,65,15,78,4,18,False
2016-03-18 16:00:00+00:00,2347167796,75,13,0.216667,100,16,78,4,18,False
2016-03-18 17:00:00+00:00,2347167796,86,14,0.233333,361,17,78,4,18,False
2016-03-18 18:00:00+00:00,2347167796,111,17,0.283333,1040,18,78,4,18,False
2016-03-18 19:00:00+00:00,2347167796,69,8,0.133333,108,19,78,4,18,False
2016-03-18 20:00:00+00:00,2347167796,62,3,0.05,67,20,78,4,18,False
2016-03-18 21:00:00+00:00,2347167796,226,75,1.25,3431,21,78,4,18,False
2016-03-18 22:00:00+00:00,2347167796,173,62,1.033333,2305,22,78,4,18,False
2016-03-18 23:00:00+00:00,2347167796,60,2,0.033333,20,23,78,4,18,False
2016-03-19 00:00:00+00:00,2347167796,57,0,0.0,0,0,79,5,19,True
2016-03-19 01:00:00+00:00,2347167796,57,0,0.0,0,1,79,5,19,True
2016-03-19 02:00:00+00:00,2347167796,57,0,0.0,0,2,79,5,19,True
2016-03-19 03:00:00+00:00,2347167796,57,0,0.0,0,3,79,5,19,True
2016-03-19 04:00:00+00:00,2347167796,57,0,0.0,0,4,79,5,19,True
2016-03-19 05:00:00+00:00,2347167796,59,2,0.033333,14,5,79,5,19,True
2016-03-19 06:00:00+00:00,2347167796,58,1,0.016667,9,6,79,5,19,True
2016-03-19 07:00:00+00:00,2347167796,59,1,0.016667,14,7,79,5,19,True
2016-03-19 08:00:00+00:00,2347167796,83,14,0.233333,223,8,79,5,19,True
2016-03-19 09:00:00+00:00,2347167796,230,87,1.45,2995,9,79,5,19,True
2016-03-19 10:00:00+00:00,2347167796,104,23,0.383333,887,10,79,5,19,True
2016-03-19 11:00:00+00:00,2347167796,92,19,0.316667,486,11,79,5,19,True
2016-03-19 12:00:00+00:00,2347167796,122,35,0.583333,854,12,79,5,19,True
2016-03-19 13:00:00+00:00,2347167796,69,6,0.1,139,13,79,5,19,True
2016-03-19 14:00:00+00:00,2347167796,58,0,0.0,0,14,79,5,19,True
2016-03-19 15:00:00+00:00,2347167796,76,9,0.15,165,15,79,5,19,True
2016-03-19 16:00:00+00:00,2347167796,94,22,0.366667,380,16,79,5,19,True
2016-03-19 17:00:00+00:00,2347167796,68,7,0.116667,98,17,79,5,19,True
2016-03-19 18:00:00+00:00,2347167796,74,9,0.15,150,18,79,5,19,True
2016-03-19 19:00:00+00:00,2347167796,114,24,0.4,907,19,79,5,19,True
2016-03-19 20:00:00+00:00,2347167796,109,20,0.333333,869,20,79,5,19,True
2016-03-19 21:00:00+00:00,2347167796,166,51,0.85,1872,21,79,5,19,True
2016-03-19 22:00:00+00:00,2347167796,81,13,0.216667,237,22,79,5,19,True
2016-03-19 23:00:00+00:00,2347167796,57,0,0.0,0,23,79,5,19,True
2016-03-20 00:00:00+00:00,2347167796,57,0,0.0,0,0,80,6,20,True
2016-03-20 01:00:00+00:00,2347167796,61,3,0.05,24,1,80,6,20,True
2016-03-20 02:00:00+00:00,2347167796,58,1,0.016667,4,2,80,6,20,True
2016-03-20 03:00:00+00:00,2347167796,58,1,0.016667,8,3,80,6,20,True
2016-03-20 04:00:00+00:00,2347167796,57,0,0.0,0,4,80,6,20,True
2016-03-20 05:00:00+00:00,2347167796,56,0,0.0,0,5,80,6,20,True
2016-03-20 06:00:00+00:00,2347167796,58,1,0.016667,5,6,80,6,20,True
2016-03-20 07:00:00+00:00,2347167796,69,6,0.1,126,7,80,6,20,True
2016-03-20 08:00:00+00:00,2347167796,378,153,2.55,6114,8,80,6,20,True
2016-03-20 09:00:00+00:00,2347167796,95,19,0.316667,396,9,80,6,20,True
2016-03-20 10:00:00+00:00,2347167796,91,14,0.233333,273,10,80,6,20,True
2016-03-20 11:00:00+00:00,2347167796,130,26,0.433333,1168,11,80,6,20,True
2016-03-20 12:00:00+00:00,2347167796,69,6,0.1,112,12,80,6,20,True
2016-03-20 13:00:00+00:00,2347167796,115,28,0.466667,763,13,80,6,20,True
2016-03-20 14:00:00+00:00,2347167796,95,21,0.35,376,14,80,6,20,True
2016-03-20 15:00:00+00:00,2347167796,84,14,0.233333,256,15,80,6,20,True
2016-03-20 16:00:00+00:00,2347167796,110,26,0.433333,681,16,80,6,20,True
2016-03-20 17:00:00+00:00,2347167796,89,16,0.266667,405,17,80,6,20,True
2016-03-20 18:00:00+00:00,2347167796,101,20,0.333333,574,18,80,6,20,True
2016-03-20 19:00:00+00:00,2347167796,100,24,0.4,374,19,80,6,20,True
2016-03-20 20:00:00+00:00,2347167796,130,29,0.483333,1216,20,80,6,20,True
2016-03-20 21:00:00+00:00,2347167796,142,27,0.45,1378,21,80,6,20,True
2016-03-20 22:00:00+00:00,2347167796,57,0,0.0,0,22,80,6,20,True
2016-03-20 23:00:00+00:00,2347167796,57,0,0.0,0,23,80,6,20,True
2016-03-21 00:00:00+00:00,2347167796,57,0,0.0,0,0,81,0,21,False
2016-03-21 01:00:00+00:00,2347167796,62,4,0.066667,42,1,81,0,21,False
2016-03-21 02:00:00+00:00,2347167796,58,1,0.016667,6,2,81,0,21,False
2016-03-21 03:00:00+00:00,2347167796,56,0,0.0,0,3,81,0,21,False
2016-03-21 04:00:00+00:00,2347167796,57,0,0.0,0,4,81,0,21,False
2016-03-21 05:00:00+00:00,2347167796,57,0,0.0,0,5,81,0,21,False
2016-03-21 06:00:00+00:00,2347167796,88,8,0.133333,100,6,81,0,21,False
2016-03-21 07:00:00+00:00,2347167796,101,12,0.2,112,7,81,0,21,False
2016-03-21 08:00:00+00:00,2347167796,115,22,0.366667,980,8,81,0,21,False
2016-03-21 09:00:00+00:00,2347167796,68,5,0.083333,52,9,81,0,21,False
2016-03-21 10:00:00+00:00,2347167796,93,15,0.25,521,10,81,0,21,False
2016-03-21 11:00:00+00:00,2347167796,75,9,0.15,160,11,81,0,21,False
2016-03-21 12:00:00+00:00,2347167796,81,13,0.216667,220,12,81,0,21,False
2016-03-21 13:00:00+00:00,2347167796,148,47,0.783333,1481,13,81,0,21,False
2016-03-21 14:00:00+00:00,2347167796,76,10,0.166667,113,14,81,0,21,False
2016-03-21 15:00:00+00:00,2347167796,81,13,0.216667,230,15,81,0,21,False
2016-03-21 16:00:00+00:00,2347167796,74,10,0.166667,86,16,81,0,21,False
2016-03-21 17:00:00+00:00,2347167796,79,12,0.2,227,17,81,0,21,False
2016-03-21 18:00:00+00:00,2347167796,184,48,0.8,2317,18,81,0,21,False
2016-03-21 19:00:00+00:00,2347167796,115,31,0.516667,675,19,81,0,21,False
2016-03-21 20:00:00+00:00,2347167796,110,31,0.516667,463,20,81,0,21,False
2016-03-21 21:00:00+00:00,2347167796,113,30,0.5,549,21,81,0,21,False
2016-03-21 22:00:00+00:00,2347167796,143,40,0.666667,1726,22,81,0,21,False
2016-03-21 23:00:00+00:00,2347167796,57,0,0.0,0,23,81,0,21,False
2016-03-22 00:00:00+00:00,2347167796,57,0,0.0,0,0,82,1,22,False
2016-03-22 01:00:00+00:00,2347167796,58,1,0.016667,9,1,82,1,22,False
2016-03-22 02:00:00+00:00,2347167796,60,2,0.033333,14,2,82,1,22,False
2016-03-22 03:00:00+00:00,2347167796,57,0,0.0,0,3,82,1,22,False
2016-03-22 04:00:00+00:00,2347167796,57,0,0.0,0,4,82,1,22,False
2016-03-22 05:00:00+00:00,2347167796,57,0,0.0,0,5,82,1,22,False
2016-03-22 06:00:00+00:00,2347167796,61,3,0.05,20,6,82,1,22,False
2016-03-22 07:00:00+00:00,2347167796,149,45,0.75,1931,7,82,1,22,False
2016-03-22 08:00:00+00:00,2347167796,122,24,0.4,1142,8,82,1,22,False
2016-03-22 09:00:00+00:00,2347167796,82,10,0.166667,85,9,82,1,22,False
2016-03-22 10:00:00+00:00,2347167796,83,12,0.2,227,10,82,1,22,False
2016-03-22 11:00:00+00:00,2347167796,74,7,0.116667,49,11,82,1,22,False
2016-03-22 12:00:00+00:00,2347167796,101,20,0.333333,139,12,82,1,22,False
2016-03-22 13:00:00+00:00,2347167796,99,18,0.3,287,13,82,1,22,False
2016-03-22 14:00:00+00:00,2347167796,102,17,0.283333,30,14,82,1,22,False
2016-03-22 15:00:00+00:00,2347167796,85,11,0.183333,115,15,82,1,22,False
2016-03-22 16:00:00+00:00,2347167796,67,4,0.066667,31,16,82,1,22,False
2016-03-22 17:00:00+00:00,2347167796,88,18,0.3,340,17,82,1,22,False
2016-03-22 18:00:00+00:00,2347167796,183,61,1.016667,1875,18,82,1,22,False
2016-03-22 19:00:00+00:00,2347167796,75,8,0.133333,136,19,82,1,22,False
2016-03-22 20:00:00+00:00,2347167796,119,20,0.333333,748,20,82,1,22,False
2016-03-22 21:00:00+00:00,2347167796,200,62,1.033333,2824,21,82,1,22,False
2016-03-22 22:00:00+00:00,2347167796,66,6,0.1,70,22,82,1,22,False
2016-03-22 23:00:00+00:00,2347167796,57,0,0.0,0,23,82,1,22,False
2016-03-23 00:00:00+00:00,2347167796,57,0,0.0,0,0,83,2,23,False
2016-03-23 01:00:00+00:00,2347167796,61,3,0.05,22,1,83,2,23,False
2016-03-23 02:00:00+00:00,2347167796,57,0,0.0,0,2,83,2,23,False
2016-03-23 03:00:00+00:00,2347167796,57,0,0.0,0,3,83,2,23,False
2016-03-23 04:00:00+00:00,2347167796,57,0,0.0,0,4,83,2,23,False
2016-03-23 05:00:00+00:00,2347167796,57,0,0.0,0,5,83,2,23,False
2016-03-23 06:00:00+00:00,2347167796,68,6,0.1,65,6,83,2,23,False
2016-03-23 07:00:00+00:00,2347167796,189,58,0.966667,2164,7,83,2,23,False
2016-03-23 08:00:00+00:00,2347167796,132,26,0.433333,1117,8,83,2,23,False
2016-03-23 09:00:00+00:00,2347167796,77,9,0.15,182,9,83,2,23,False
2016-03-23 10:00:00+00:00,2347167796,84,13,0.216667,286,10,83,2,23,False
2016-03-23 11:00:00+00:00,2347167796,70,6,0.1,76,11,83,2,23,False
2016-03-23 12:00:00+00:00,2347167796,83,13,0.216667,316,12,83,2,23,False
2016-03-23 13:00:00+00:00,2347167796,83,14,0.233333,294,13,83,2,23,False
2016-03-23 14:00:00+00:00,2347167796,69,7,0.116667,44,14,83,2,23,False
2016-03-23 15:00:00+00:00,2347167796,70,8,0.133333,61,15,83,2,23,False
2016-03-23 16:00:00+00:00,2347167796,79,11,0.183333,215,16,83,2,23,False
2016-03-23 17:00:00+00:00,2347167796,90,16,0.266667,442,17,83,2,23,False
2016-03-23 18:00:00+00:00,2347167796,218,74,1.233333,3275,18,83,2,23,False
2016-03-23 19:00:00+00:00,2347167796,75,10,0.166667,142,19,83,2,23,False
2016-03-23 20:00:00+00:00,2347167796,102,13,0.216667,656,20,83,2,23,False
2016-03-23 21:00:00+00:00,2347167796,83,6,0.1,454,21,83,2,23,False
2016-03-23 22:00:00+00:00,2347167796,82,13,0.216667,258,22,83,2,23,False
2016-03-23 23:00:00+00:00,2347167796,60,2,0.033333,14,23,83,2,23,False
2016-03-24 00:00:00+00:00,2347167796,57,0,0.0,0,0,84,3,24,False
2016-03-24 01:00:00+00:00,2347167796,60,2,0.033333,17,1,84,3,24,False
2016-03-24 02:00:00+00:00,2347167796,59,1,0.016667,8,2,84,3,24,False
2016-03-24 03:00:00+00:00,2347167796,57,0,0.0,0,3,84,3,24,False
2016-03-24 04:00:00+00:00,2347167796,57,0,0.0,0,4,84,3,24,False
2016-03-24 05:00:00+00:00,2347167796,57,0,0.0,0,5,84,3,24,False
2016-03-24 06:00:00+00:00,2347167796,69,6,0.1,168,6,84,3,24,False
2016-03-24 07:00:00+00:00,2347167796,250,90,1.5,3475,7,84,3,24,False
2016-03-24 08:00:00+00:00,2347167796,150,39,0.65,1268,8,84,3,24,False
2016-03-24 09:00:00+00:00,2347167796,82,14,0.233333,146,9,84,3,24,False
2016-03-24 10:00:00+00:00,2347167796,67,4,0.066667,50,10,84,3,24,False
2016-03-24 11:00:00+00:00,2347167796,78,8,0.133333,109,11,84,3,24,False
2016-03-24 12:00:00+00:00,2347167796,86,15,0.25,352,12,84,3,24,False
2016-03-24 13:00:00+00:00,2347167796,82,14,0.233333,209,13,84,3,24,False
2016-03-24 14:00:00+00:00,2347167796,67,5,0.083333,42,14,84,3,24,False
2016-03-24 15:00:00+00:00,2347167796,70,7,0.116667,91,15,84,3,24,False
2016-03-24 16:00:00+00:00,2347167796,74,10,0.166667,102,16,84,3,24,False
2016-03-24 17:00:00+00:00,2347167796,77,13,0.216667,172,17,84,3,24,False
2016-03-24 18:00:00+00:00,2347167796,143,38,0.633333,1370,18,84,3,24,False
2016-03-24 19:00:00+00:00,2347167796,195,74,1.233333,2524,19,84,3,24,False
2016-03-24 20:00:00+00:00,2347167796,62,2,0.033333,25,20,84,3,24,False
2016-03-24 21:00:00+00:00,2347167796,77,11,0.183333,222,21,84,3,24,False
2016-03-24 22:00:00+00:00,2347167796,83,14,0.233333,285,22,84,3,24,False
2016-03-24 23:00:00+00:00,2347167796,57,0,0.0,0,23,84,3,24,False
2016-03-25 00:00:00+00:00,2347167796,58,1,0.016667,7,0,85,4,25,False
2016-03-25 01:00:00+00:00,2347167796,60,2,0.033333,14,1,85,4,25,False
2016-03-25 02:00:00+00:00,2347167796,57,0,0.0,0,2,85,4,25,False
2016-03-25 03:00:00+00:00,2347167796,58,1,0.016667,9,3,85,4,25,False
2016-03-25 04:00:00+00:00,2347167796,57,0,0.0,0,4,85,4,25,False
2016-03-25 05:00:00+00:00,2347167796,66,5,0.083333,100,5,85,4,25,False
2016-03-25 06:00:00+00:00,2347167796,72,7,0.116667,119,6,85,4,25,False
2016-03-25 07:00:00+00:00,2347167796,74,7,0.116667,205,7,85,4,25,False
2016-03-25 08:00:00+00:00,2347167796,121,26,0.433333,999,8,85,4,25,False
2016-03-25 09:00:00+00:00,2347167796,69,7,0.116667,85,9,85,4,25,False
2016-03-25 10:00:00+00:00,2347167796,80,11,0.183333,227,10,85,4,25,False
2016-03-25 11:00:00+00:00,2347167796,78,10,0.166667,227,11,85,4,25,False
2016-03-25 12:00:00+00:00,2347167796,99,16,0.266667,698,12,85,4,25,False
2016-03-25 13:00:00+00:00,2347167796,142,41,0.683333,1662,13,85,4,25,False
2016-03-25 14:00:00+00:00,2347167796,94,17,0.283333,483,14,85,4,25,False
2016-03-25 15:00:00+00:00,2347167796,88,15,0.25,211,15,85,4,25,False
2016-03-25 16:00:00+00:00,2347167796,81,14,0.233333,204,16,85,4,25,False
2016-03-25 17:00:00+00:00,2347167796,73,8,0.133333,124,17,85,4,25,False
2016-03-25 18:00:00+00:00,2347167796,134,30,0.5,1348,18,85,4,25,False
2016-03-25 19:00:00+00:00,2347167796,70,8,0.133333,74,19,85,4,25,False
2016-03-25 20:00:00+00:00,2347167796,80,14,0.233333,162,20,85,4,25,False
2016-03-25 21:00:00+00:00,2347167796,82,15,0.25,196,21,85,4,25,False
2016-03-25 22:00:00+00:00,2347167796,65,4,0.066667,118,22,85,4,25,False
2016-03-25 23:00:00+00:00,2347167796,56,0,0.0,0,23,85,4,25,False
2016-03-26 00:00:00+00:00,2347167796,56,0,0.0,0,0,86,5,26,True
2016-03-26 01:00:00+00:00,2347167796,56,0,0.0,0,1,86,5,26,True
2016-03-26 02:00:00+00:00,2347167796,56,0,0.0,0,2,86,5,26,True
2016-03-26 03:00:00+00:00,2347167796,56,0,0.0,0,3,86,5,26,True
2016-03-26 04:00:00+00:00,2347167796,56,0,0.0,0,4,86,5,26,True
2016-03-26 05:00:00+00:00,2347167796,56,0,0.0,0,5,86,5,26,True
2016-03-26 06:00:00+00:00,2347167796,56,0,0.0,0,6,86,5,26,True
2016-03-26 07:00:00+00:00,2347167796,82,12,0.2,248,7,86,5,26,True
2016-03-26 08:00:00+00:00,2347167796,243,75,1.25,2969,8,86,5,26,True
2016-03-26 09:00:00+00:00,2347167796,203,56,0.933333,1983,9,86,5,26,True
2016-03-26 10:00:00+00:00,2347167796,78,10,0.166667,194,10,86,5,26,True
2016-03-26 11:00:00+00:00,2347167796,109,19,0.316667,933,11,86,5,26,True
2016-03-26 12:00:00+00:00,2347167796,102,26,0.433333,417,12,86,5,26,True
2016-03-26 13:00:00+00:00,2347167796,111,33,0.55,505,13,86,5,26,True
2016-03-26 14:00:00+00:00,2347167796,143,41,0.683333,1297,14,86,5,26,True
2016-03-26 15:00:00+00:00,2347167796,107,29,0.483333,463,15,86,5,26,True
2016-03-26 16:00:00+00:00,2347167796,92,16,0.266667,447,16,86,5,26,True
2016-03-26 17:00:00+00:00,2347167796,111,24,0.4,639,17,86,5,26,True
2016-03-26 18:00:00+00:00,2347167796,161,41,0.683333,1344,18,86,5,26,True
2016-03-26 19:00:00+00:00,2347167796,127,35,0.583333,870,19,86,5,26,True
2016-03-26 20:00:00+00:00,2347167796,86,15,0.25,289,20,86,5,26,True
2016-03-26 21:00:00+00:00,2347167796,80,12,0.2,208,21,86,5,26,True
2016-03-26 22:00:00+00:00,2347167796,56,0,0.0,0,22,86,5,26,True
2016-03-26 23:00:00+00:00,2347167796,56,0,0.0,0,23,86,5,26,True
2016-03-27 00:00:00+00:00,2347167796,56,0,0.0,0,0,87,6,27,True
2016-03-27 01:00:00+00:00,2347167796,56,0,0.0,0,1,87,6,27,True
2016-03-27 02:00:00+00:00,2347167796,56,0,0.0,0,2,87,6,27,True
2016-03-27 03:00:00+00:00,2347167796,56,0,0.0,0,3,87,6,27,True
2016-03-27 04:00:00+00:00,2347167796,56,0,0.0,0,4,87,6,27,True
2016-03-27 05:00:00+00:00,2347167796,56,0,0.0,0,5,87,6,27,True
2016-03-27 06:00:00+00:00,2347167796,56,0,0.0,0,6,87,6,27,True
2016-03-27 07:00:00+00:00,2347167796,56,0,0.0,0,7,87,6,27,True
2016-03-27 08:00:00+00:00,2347167796,56,0,0.0,0,8,87,6,27,True
2016-03-27 09:00:00+00:00,2347167796,87,14,0.233333,207,9,87,6,27,True
2016-03-27 10:00:00+00:00,2347167796,108,26,0.433333,611,10,87,6,27,True
2016-03-27 11:00:00+00:00,2347167796,180,51,0.85,1861,11,87,6,27,True
2016-03-27 12:00:00+00:00,2347167796,77,11,0.183333,152,12,87,6,27,True
2016-03-27 13:00:00+00:00,2347167796,127,29,0.483333,1011,13,87,6,27,True
2016-03-27 14:00:00+00:00,2347167796,204,66,1.1,1096,14,87,6,27,True
2016-03-27 15:00:00+00:00,2347167796,198,72,1.2,196,15,87,6,27,True
2016-03-27 16:00:00+00:00,2347167796,124,30,0.5,270,16,87,6,27,True
2016-03-27 17:00:00+00:00,2347167796,83,10,0.166667,65,17,87,6,27,True
2016-03-27 18:00:00+00:00,2347167796,80,9,0.15,128,18,87,6,27,True
2016-03-27 19:00:00+00:00,2347167796,115,19,0.316667,338,19,87,6,27,True
2016-03-27 20:00:00+00:00,2347167796,111,25,0.416667,495,20,87,6,27,True
2016-03-27 21:00:00+00:00,2347167796,73,8,0.133333,164,21,87,6,27,True
2016-03-27 22:00:00+00:00,2347167796,58,1,0.016667,13,22,87,6,27,True
2016-03-27 23:00:00+00:00,2347167796,60,1,0.016667,6,23,87,6,27,True
2016-03-28 00:00:00+00:00,2347167796,57,0,0.0,0,0,88,0,28,False
2016-03-28 01:00:00+00:00,2347167796,57,0,0.0,0,1,88,0,28,False
2016-03-28 02:00:00+00:00,2347167796,58,1,0.016667,6,2,88,0,28,False
2016-03-28 03:00:00+00:00,2347167796,57,0,0.0,0,3,88,0,28,False
2016-03-28 04:00:00+00:00,2347167796,57,0,0.0,0,4,88,0,28,False
2016-03-28 05:00:00+00:00,2347167796,57,0,0.0,0,5,88,0,28,False
2016-03-28 06:00:00+00:00,2347167796,60,2,0.033333,14,6,88,0,28,False
2016-03-28 07:00:00+00:00,2347167796,82,14,0.233333,157,7,88,0,28,False
2016-03-28 08:00:00+00:00,2347167796,132,25,0.416667,1159,8,88,0,28,False
2016-03-28 09:00:00+00:00,2347167796,80,12,0.2,201,9,88,0,28,False
2016-03-28 10:00:00+00:00,2347167796,61,0,0.0,0,10,88,0,28,False
2016-03-28 11:00:00+00:00,2347167796,86,16,0.266667,284,11,88,0,28,False
2016-03-28 12:00:00+00:00,2347167796,75,10,0.166667,128,12,88,0,28,False
2016-03-28 13:00:00+00:00,2347167796,94,14,0.233333,601,13,88,0,28,False
2016-03-28 14:00:00+00:00,2347167796,85,14,0.233333,349,14,88,0,28,False
2016-03-28 15:00:00+00:00,2347167796,71,7,0.116667,98,15,88,0,28,False
2016-03-28 16:00:00+00:00,2347167796,78,10,0.166667,228,16,88,0,28,False
2016-03-28 17:00:00+00:00,2347167796,62,3,0.05,21,17,88,0,28,False
2016-03-28 18:00:00+00:00,2347167796,149,35,0.583333,1675,18,88,0,28,False
2016-03-28 19:00:00+00:00,2347167796,136,39,0.65,898,19,88,0,28,False
2016-03-28 20:00:00+00:00,2347167796,82,14,0.233333,174,20,88,0,28,False
2016-03-28 21:00:00+00:00,2347167796,83,13,0.216667,295,21,88,0,28,False
2016-03-28 22:00:00+00:00,2347167796,56,0,0.0,0,22,88,0,28,False
2016-03-28 23:00:00+00:00,2347167796,57,0,0.0,0,23,88,0,28,False
2016-03-29 00:00:00+00:00,2347167796,61,2,0.033333,25,0,89,1,29,False
2016-03-29 01:00:00+00:00,2347167796,57,0,0.0,0,1,89,1,29,False
2016-03-29 02:00:00+00:00,2347167796,57,0,0.0,0,2,89,1,29,False
2016-03-29 03:00:00+00:00,2347167796,57,0,0.0,0,3,89,1,29,False
2016-03-29 04:00:00+00:00,2347167796,58,1,0.016667,6,4,89,1,29,False
2016-03-29 05:00:00+00:00,2347167796,57,0,0.0,0,5,89,1,29,False
2016-03-29 06:00:00+00:00,2347167796,87,15,0.25,380,6,89,1,29,False
2016-03-29 07:00:00+00:00,2347167796,199,73,1.216667,2995,7,89,1,29,False
2016-03-29 08:00:00+00:00,2347167796,130,26,0.433333,1066,8,89,1,29,False
2016-03-29 09:00:00+00:00,2347167796,72,7,0.116667,126,9,89,1,29,False
2016-03-29 10:00:00+00:00,2347167796,73,9,0.15,79,10,89,1,29,False
2016-03-29 11:00:00+00:00,2347167796,78,12,0.2,144,11,89,1,29,False
2016-03-29 12:00:00+00:00,2347167796,73,8,0.133333,123,12,89,1,29,False
2016-03-29 13:00:00+00:00,2347167796,177,61,1.016667,2210,13,89,1,29,False
2016-03-29 14:00:00+00:00,2347167796,72,7,0.116667,84,14,89,1,29,False
2016-03-29 15:00:00+00:00,2347167796,85,16,0.266667,220,15,89,1,29,False
2016-03-29 16:00:00+00:00,2347167796,68,7,0.116667,83,16,89,1,29,False
2016-03-29 17:00:00+00:00,2347167796,78,12,0.2,190,17,89,1,29,False
2016-03-29 18:00:00+00:00,2347167796,137,32,0.533333,1289,18,89,1,29,False
2016-03-29 19:00:00+00:00,2347167796,66,4,0.066667,88,19,89,1,29,False
2016-03-29 20:00:00+00:00,2347167796,65,4,0.066667,15,20,89,1,29,False
2016-03-29 21:00:00+00:00,2347167796,120,32,0.533333,1136,21,89,1,29,False
2016-03-29 22:00:00+00:00,2347167796,60,2,0.033333,13,22,89,1,29,False
2016-03-29 23:00:00+00:00,2347167796,57,0,0.0,0,23,89,1,29,False
2016-03-30 00:00:00+00:00,2347167796,57,0,0.0,0,0,90,2,30,False
2016-03-30 01:00:00+00:00,2347167796,57,0,0.0,0,1,90,2,30,False
2016-03-30 02:00:00+00:00,2347167796,57,0,0.0,0,2,90,2,30,False
2016-03-30 03:00:00+00:00,2347167796,57,0,0.0,0,3,90,2,30,False
2016-03-30 04:00:00+00:00,2347167796,57,0,0.0,0,4,90,2,30,False
2016-03-30 05:00:00+00:00,2347167796,60,3,0.05,21,5,90,2,30,False
2016-03-30 06:00:00+00:00,2347167796,62,3,0.05,32,6,90,2,30,False
2016-03-30 07:00:00+00:00,2347167796,76,10,0.166667,135,7,90,2,30,False
2016-03-30 08:00:00+00:00,2347167796,160,52,0.866667,1244,8,90,2,30,False
2016-03-30 09:00:00+00:00,2347167796,99,20,0.333333,77,9,90,2,30,False
2016-03-30 10:00:00+00:00,2347167796,91,13,0.216667,62,10,90,2,30,False
2016-03-30 11:00:00+00:00,2347167796,119,28,0.466667,88,11,90,2,30,False
2016-03-30 12:00:00+00:00,2347167796,93,17,0.283333,446,12,90,2,30,False
2016-03-30 13:00:00+00:00,2347167796,74,9,0.15,135,13,90,2,30,False
2016-03-30 14:00:00+00:00,2347167796,74,10,0.166667,114,14,90,2,30,False
2016-03-30 15:00:00+00:00,2347167796,90,17,0.283333,379,15,90,2,30,False
2016-03-30 16:00:00+00:00,2347167796,74,10,0.166667,96,16,90,2,30,False
2016-03-30 17:00:00+00:00,2347167796,81,14,0.233333,256,17,90,2,30,False
2016-03-30 18:00:00+00:00,2347167796,219,62,1.033333,2998,18,90,2,30,False
2016-03-30 19:00:00+00:00,2347167796,112,27,0.45,1169,19,90,2,30,False
2016-03-30 20:00:00+00:00,2347167796,76,11,0.183333,180,20,90,2,30,False
2016-03-30 21:00:00+00:00,2347167796,146,43,0.716667,1658,21,90,2,30,False
2016-03-30 22:00:00+00:00,2347167796,132,39,0.65,1443,22,90,2,30,False
2016-03-30 23:00:00+00:00,2347167796,63,0,0.0,0,23,90,2,30,False
2016-03-31 00:00:00+00:00,2347167796,58,1,0.016667,7,0,91,3,31,False
2016-03-31 01:00:00+00:00,2347167796,57,0,0.0,0,1,91,3,31,False
2016-03-31 02:00:00+00:00,2347167796,57,0,0.0,0,2,91,3,31,False
2016-03-31 03:00:00+00:00,2347167796,56,0,0.0,0,3,91,3,31,False
2016-03-31 04:00:00+00:00,2347167796,57,0,0.0,0,4,91,3,31,False
2016-03-31 05:00:00+00:00,2347167796,58,1,0.016667,6,5,91,3,31,False
2016-03-31 06:00:00+00:00,2347167796,57,0,0.0,0,6,91,3,31,False
2016-03-31 07:00:00+00:00,2347167796,94,19,0.316667,339,7,91,3,31,False
2016-03-31 08:00:00+00:00,2347167796,120,24,0.4,988,8,91,3,31,False
2016-03-31 09:00:00+00:00,2347167796,66,4,0.066667,31,9,91,3,31,False
2016-03-31 10:00:00+00:00,2347167796,116,28,0.466667,850,10,91,3,31,False
2016-03-31 11:00:00+00:00,2347167796,64,3,0.05,22,11,91,3,31,False
2016-03-31 12:00:00+00:00,2347167796,80,14,0.233333,160,12,91,3,31,False
2016-03-31 13:00:00+00:00,2347167796,89,17,0.283333,356,13,91,3,31,False
2016-03-31 14:00:00+00:00,2347167796,73,9,0.15,120,14,91,3,31,False
2016-03-31 15:00:00+00:00,2347167796,63,1,0.016667,49,15,91,3,31,False
2016-03-31 16:00:00+00:00,2347167796,77,8,0.133333,200,16,91,3,31,False
2016-03-31 17:00:00+00:00,2347167796,95,20,0.333333,402,17,91,3,31,False
2016-03-31 18:00:00+00:00,2347167796,173,38,0.633333,1696,18,91,3,31,False
2016-03-31 19:00:00+00:00,2347167796,101,19,0.316667,474,19,91,3,31,False
2016-03-31 20:00:00+00:00,2347167796,108,25,0.416667,710,20,91,3,31,False
2016-03-31 21:00:00+00:00,2347167796,94,19,0.316667,350,21,91,3,31,False
2016-03-31 22:00:00+00:00,2347167796,58,0,0.0,0,22,91,3,31,False
2016-03-31 23:00:00+00:00,2347167796,57,0,0.0,0,23,91,3,31,False
2016-04-01 00:00:00+00:00,2347167796,60,2,0.033333,26,0,92,4,1,False
2016-04-01 01:00:00+00:00,2347167796,57,0,0.0,0,1,92,4,1,False
2016-04-01 02:00:00+00:00,2347167796,57,0,0.0,0,2,92,4,1,False
2016-04-01 03:00:00+00:00,2347167796,57,0,0.0,0,3,92,4,1,False
2016-04-01 04:00:00+00:00,2347167796,57,0,0.0,0,4,92,4,1,False
2016-04-01 05:00:00+00:00,2347167796,57,0,0.0,0,5,92,4,1,False
2016-04-01 06:00:00+00:00,2347167796,68,6,0.1,90,6,92,4,1,False
2016-04-01 07:00:00+00:00,2347167796,181,61,1.016667,2559,7,92,4,1,False
2016-04-01 08:00:00+00:00,2347167796,137,32,0.533333,1306,8,92,4,1,False
2016-04-01 09:00:00+00:00,2347167796,66,4,0.066667,58,9,92,4,1,False
2016-04-01 10:00:00+00:00,2347167796,86,16,0.266667,289,10,92,4,1,False
2016-04-01 11:00:00+00:00,2347167796,77,10,0.166667,199,11,92,4,1,False
2016-04-01 12:00:00+00:00,2347167796,83,15,0.25,223,12,92,4,1,False
2016-04-01 13:00:00+00:00,2347167796,126,35,0.583333,1216,13,92,4,1,False
2016-04-01 14:00:00+00:00,2347167796,71,6,0.1,130,14,92,4,1,False
2016-04-01 15:00:00+00:00,2347167796,79,11,0.183333,199,15,92,4,1,False
2016-04-01 16:00:00+00:00,2347167796,84,17,0.283333,204,16,92,4,1,False
2016-04-01 17:00:00+00:00,2347167796,71,7,0.116667,189,17,92,4,1,False
2016-04-01 18:00:00+00:00,2347167796,120,25,0.416667,1066,18,92,4,1,False
2016-04-01 19:00:00+00:00,2347167796,71,8,0.133333,141,19,92,4,1,False
2016-04-01 20:00:00+00:00,2347167796,76,9,0.15,147,20,92,4,1,False
2016-04-01 21:00:00+00:00,2347167796,56,0,0.0,0,21,92,4,1,False
2016-04-01 22:00:00+00:00,2347167796,61,2,0.033333,12,22,92,4,1,False
2016-04-01 23:00:00+00:00,2347167796,79,12,0.2,274,23,92,4,1,False
2016-04-02 00:00:00+00:00,2347167796,61,3,0.05,29,0,93,5,2,True
2016-04-02 01:00:00+00:00,2347167796,57,0,0.0,0,1,93,5,2,True
2016-04-02 02:00:00+00:00,2347167796,57,0,0.0,0,2,93,5,2,True
2016-04-02 03:00:00+00:00,2347167796,57,0,0.0,0,3,93,5,2,True
2016-04-02 04:00:00+00:00,2347167796,59,2,0.033333,16,4,93,5,2,True
2016-04-02 05:00:00+00:00,2347167796,57,0,0.0,0,5,93,5,2,True
2016-04-02 06:00:00+00:00,2347167796,57,0,0.0,0,6,93,5,2,True
2016-04-02 07:00:00+00:00,2347167796,59,1,0.016667,7,7,93,5,2,True
2016-04-02 08:00:00+00:00,2347167796,88,15,0.25,387,8,93,5,2,True
2016-04-02 09:00:00+00:00,2347167796,136,32,0.533333,1154,9,93,5,2,True
2016-04-02 10:00:00+00:00,2347167796,336,149,2.483333,5386,10,93,5,2,True
2016-04-02 11:00:00+00:00,2347167796,121,29,0.483333,730,11,93,5,2,True
2016-04-02 12:00:00+00:00,2347167796,141,41,0.683333,1065,12,93,5,2,True
2016-04-02 13:00:00+00:00,2347167796,91,15,0.25,504,13,93,5,2,True
2016-04-02 14:00:00+00:00,2347167796,106,25,0.416667,446,14,93,5,2,True
2016-04-02 15:00:00+00:00,2347167796,116,30,0.5,564,15,93,5,2,True
2016-04-02 16:00:00+00:00,2347167796,138,33,0.55,1037,16,93,5,2,True
2016-04-02 17:00:00+00:00,2347167796,144,40,0.666667,1368,17,93,5,2,True
2016-04-02 18:00:00+00:00,2347167796,155,42,0.7,1670,18,93,5,2,True
2016-04-02 19:00:00+00:00,2347167796,80,11,0.183333,170,19,93,5,2,True
2016-04-02 20:00:00+00:00,2347167796,97,18,0.3,397,20,93,5,2,True
2016-04-02 21:00:00+00:00,2347167796,108,23,0.383333,481,21,93,5,2,True
2016-04-02 22:00:00+00:00,2347167796,61,2,0.033333,35,22,93,5,2,True
2016-04-02 23:00:00+00:00,2347167796,59,1,0.016667,13,23,93,5,2,True
2016-04-03 00:00:00+00:00,2347167796,64,5,0.083333,28,0,94,6,3,True
2016-04-03 01:00:00+00:00,2347167796,57,0,0.0,0,1,94,6,3,True
2016-04-03 02:00:00+00:00,2347167796,56,0,0.0,0,2,94,6,3,True
2016-04-03 03:00:00+00:00,2347167796,57,0,0.0,0,3,94,6,3,True
2016-04-03 04:00:00+00:00,2347167796,56,0,0.0,0,4,94,6,3,True
2016-04-03 05:00:00+00:00,2347167796,57,0,0.0,0,5,94,6,3,True
2016-04-03 06:00:00+00:00,2347167796,57,0,0.0,0,6,94,6,3,True
2016-04-03 07:00:00+00:00,2347167796,59,1,0.016667,18,7,94,6,3,True
2016-04-03 08:00:00+00:00,2347167796,63,2,0.033333,14,8,94,6,3,True
2016-04-03 09:00:00+00:00,2347167796,108,26,0.433333,648,9,94,6,3,True
2016-04-03 10:00:00+00:00,2347167796,95,21,0.35,456,10,94,6,3,True
2016-04-03 11:00:00+00:00,2347167796,132,33,0.55,1170,11,94,6,3,True
2016-04-03 12:00:00+00:00,2347167796,68,5,0.083333,124,12,94,6,3,True
2016-04-03 13:00:00+00:00,2347167796,105,29,0.483333,315,13,94,6,3,True
2016-04-03 14:00:00+00:00,2347167796,98,20,0.333333,494,14,94,6,3,True
2016-04-03 15:00:00+00:00,2347167796,103,22,0.366667,411,15,94,6,3,True
2016-04-03 16:00:00+00:00,2347167796,147,35,0.583333,575,16,94,6,3,True
2016-04-03 17:00:00+00:00,2347167796,70,6,0.1,62,17,94,6,3,True
2016-04-03 18:00:00+00:00,2347167796,128,36,0.6,912,18,94,6,3,True
2016-04-03 19:00:00+00:00,2347167796,137,41,0.683333,992,19,94,6,3,True
2016-04-03 20:00:00+00:00,2347167796,107,27,0.45,563,20,94,6,3,True
2016-04-03 21:00:00+00:00,2347167796,97,13,0.216667,691,21,94,6,3,True
2016-04-03 22:00:00+00:00,2347167796,57,0,0.0,0,22,94,6,3,True
2016-04-03 23:00:00+00:00,2347167796,60,2,0.033333,12,23,94,6,3,True
2016-04-04 00:00:00+00:00,2347167796,57,0,0.0,0,0,95,0,4,False
2016-04-04 01:00:00+00:00,2347167796,57,0,0.0,0,1,95,0,4,False
2016-04-04 02:00:00+00:00,2347167796,57,0,0.0,0,2,95,0,4,False
2016-04-04 03:00:00+00:00,2347167796,57,0,0.0,0,3,95,0,4,False
2016-04-04 04:00:00+00:00,2347167796,57,0,0.0,0,4,95,0,4,False
2016-04-04 05:00:00+00:00,2347167796,61,3,0.05,14,5,95,0,4,False
2016-04-04 06:00:00+00:00,2347167796,72,8,0.133333,142,6,95,0,4,False
2016-04-04 07:00:00+00:00,2347167796,75,9,0.15,141,7,95,0,4,False
2016-04-04 08:00:00+00:00,2347167796,126,25,0.416667,1120,8,95,0,4,False
2016-04-04 09:00:00+00:00,2347167796,64,2,0.033333,9,9,95,0,4,False
2016-04-04 10:00:00+00:00,2347167796,74,8,0.133333,140,10,95,0,4,False
2016-04-04 11:00:00+00:00,2347167796,67,4,0.066667,68,11,95,0,4,False
2016-04-04 12:00:00+00:00,2347167796,94,17,0.283333,513,12,95,0,4,False
2016-04-04 13:00:00+00:00,2347167796,145,44,0.733333,1633,13,95,0,4,False
2016-04-04 14:00:00+00:00,2347167796,71,7,0.116667,86,14,95,0,4,False
2016-04-04 15:00:00+00:00,2347167796,63,2,0.033333,41,15,95,0,4,False
2016-04-04 16:00:00+00:00,2347167796,85,16,0.266667,227,16,95,0,4,False
2016-04-04 17:00:00+00:00,2347167796,102,25,0.416667,479,17,95,0,4,False
2016-04-04 18:00:00+00:00,2347167796,109,19,0.316667,801,18,95,0,4,False
2016-04-04 19:00:00+00:00,2347167796,100,23,0.383333,409,19,95,0,4,False
2016-04-04 20:00:00+00:00,2347167796,208,81,1.35,2325,20,95,0,4,False
2016-04-04 21:00:00+00:00,2347167796,184,50,0.833333,2096,21,95,0,4,False
2016-04-04 22:00:00+00:00,2347167796,57,0,0.0,0,22,95,0,4,False
2016-04-04 23:00:00+00:00,2347167796,58,1,0.016667,10,23,95,0,4,False
2016-04-05 00:00:00+00:00,2347167796,60,2,0.033333,20,0,96,1,5,False
2016-04-05 01:00:00+00:00,2347167796,59,1,0.016667,7,1,96,1,5,False
2016-04-05 02:00:00+00:00,2347167796,57,0,0.0,0,2,96,1,5,False
2016-04-05 03:00:00+00:00,2347167796,57,0,0.0,0,3,96,1,5,False
2016-04-05 04:00:00+00:00,2347167796,57,0,0.0,0,4,96,1,5,False
2016-04-05 05:00:00+00:00,2347167796,57,0,0.0,0,5,96,1,5,False
2016-04-05 06:00:00+00:00,2347167796,59,1,0.016667,7,6,96,1,5,False
2016-04-05 07:00:00+00:00,2347167796,102,26,0.433333,401,7,96,1,5,False
2016-04-05 08:00:00+00:00,2347167796,140,36,0.6,1222,8,96,1,5,False
2016-04-05 09:00:00+00:00,2347167796,74,10,0.166667,105,9,96,1,5,False
2016-04-05 10:00:00+00:00,2347167796,75,10,0.166667,114,10,96,1,5,False
2016-04-05 11:00:00+00:00,2347167796,90,16,0.266667,420,11,96,1,5,False
2016-04-05 12:00:00+00:00,2347167796,107,19,0.316667,772,12,96,1,5,False
2016-04-05 13:00:00+00:00,2347167796,80,12,0.2,214,13,96,1,5,False
2016-04-05 14:00:00+00:00,2347167796,108,20,0.333333,734,14,96,1,5,False
2016-04-05 15:00:00+00:00,2347167796,71,8,0.133333,63,15,96,1,5,False
2016-04-05 16:00:00+00:00,2347167796,74,8,0.133333,164,16,96,1,5,False
2016-04-05 17:00:00+00:00,2347167796,83,15,0.25,276,17,96,1,5,False
2016-04-05 18:00:00+00:00,2347167796,130,27,0.45,1070,18,96,1,5,False
2016-04-05 19:00:00+00:00,2347167796,109,24,0.4,688,19,96,1,5,False
2016-04-05 20:00:00+00:00,2347167796,160,46,0.766667,1734,20,96,1,5,False
2016-04-05 21:00:00+00:00,2347167796,160,53,0.883333,2000,21,96,1,5,False
2016-04-05 22:00:00+00:00,2347167796,68,6,0.1,87,22,96,1,5,False
2016-04-05 23:00:00+00:00,2347167796,59,1,0.016667,13,23,96,1,5,False
2016-04-06 00:00:00+00:00,2347167796,57,0,0.0,0,0,97,2,6,False
2016-04-06 01:00:00+00:00,2347167796,57,0,0.0,0,1,97,2,6,False
2016-04-06 02:00:00+00:00,2347167796,60,1,0.016667,15,2,97,2,6,False
2016-04-06 03:00:00+00:00,2347167796,57,0,0.0,0,3,97,2,6,False
2016-04-06 04:00:00+00:00,2347167796,57,0,0.0,0,4,97,2,6,False
2016-04-06 05:00:00+00:00,2347167796,57,0,0.0,0,5,97,2,6,False
2016-04-06 06:00:00+00:00,2347167796,58,1,0.016667,6,6,97,2,6,False
2016-04-06 07:00:00+00:00,2347167796,211,79,1.316667,2709,7,97,2,6,False
2016-04-06 08:00:00+00:00,2347167796,128,27,0.45,1223,8,97,2,6,False
2016-04-06 09:00:00+00:00,2347167796,73,8,0.133333,152,9,97,2,6,False
2016-04-06 10:00:00+00:00,2347167796,70,6,0.1,104,10,97,2,6,False
2016-04-06 11:00:00+00:00,2347167796,68,6,0.1,57,11,97,2,6,False
2016-04-06 12:00:00+00:00,2347167796,73,8,0.133333,149,12,97,2,6,False
2016-04-06 13:00:00+00:00,2347167796,94,17,0.283333,462,13,97,2,6,False
2016-04-06 14:00:00+00:00,2347167796,71,5,0.083333,196,14,97,2,6,False
2016-04-06 15:00:00+00:00,2347167796,71,7,0.116667,100,15,97,2,6,False
2016-04-06 16:00:00+00:00,2347167796,71,8,0.133333,76,16,97,2,6,False
2016-04-06 17:00:00+00:00,2347167796,76,9,0.15,262,17,97,2,6,False
2016-04-06 18:00:00+00:00,2347167796,181,53,0.883333,2231,18,97,2,6,False
2016-04-06 19:00:00+00:00,2347167796,197,71,1.183333,2959,19,97,2,6,False
2016-04-06 20:00:00+00:00,2347167796,69,6,0.1,106,20,97,2,6,False
2016-04-06 21:00:00+00:00,2347167796,79,12,0.2,211,21,97,2,6,False
2016-04-06 22:00:00+00:00,2347167796,67,6,0.1,89,22,97,2,6,False
2016-04-06 23:00:00+00:00,2347167796,56,0,0.0,0,23,97,2,6,False
2016-04-07 00:00:00+00:00,2347167796,56,0,0.0,0,0,98,3,7,False
2016-04-07 01:00:00+00:00,2347167796,56,0,0.0,0,1,98,3,7,False
2016-04-07 02:00:00+00:00,2347167796,56,0,0.0,0,2,98,3,7,False
2016-04-07 03:00:00+00:00,2347167796,56,0,0.0,0,3,98,3,7,False
2016-04-07 04:00:00+00:00,2347167796,56,0,0.0,0,4,98,3,7,False
2016-04-07 05:00:00+00:00,2347167796,56,0,0.0,0,5,98,3,7,False
2016-04-07 06:00:00+00:00,2347167796,56,0,0.0,0,6,98,3,7,False
2016-04-07 07:00:00+00:00,2347167796,95,21,0.35,299,7,98,3,7,False
2016-04-07 08:00:00+00:00,2347167796,122,23,0.383333,1015,8,98,3,7,False
2016-04-07 09:00:00+00:00,2347167796,84,11,0.183333,148,9,98,3,7,False
2016-04-07 10:00:00+00:00,2347167796,77,12,0.2,142,10,98,3,7,False
2016-04-07 11:00:00+00:00,2347167796,87,13,0.216667,213,11,98,3,7,False
2016-04-07 12:00:00+00:00,2347167796,133,35,0.583333,655,12,98,3,7,False
2016-04-07 13:00:00+00:00,2347167796,168,49,0.816667,1572,13,98,3,7,False
2016-04-07 14:00:00+00:00,2347167796,117,28,0.466667,373,14,98,3,7,False
2016-04-07 15:00:00+00:00,2347167796,100,19,0.316667,96,15,98,3,7,False
2016-04-07 16:00:00+00:00,2347167796,132,27,0.45,241,16,98,3,7,False
2016-04-07 17:00:00+00:00,2347167796,95,18,0.3,419,17,98,3,7,False
2016-04-07 18:00:00+00:00,2347167796,145,33,0.55,1278,18,98,3,7,False
2016-04-07 19:00:00+00:00,2347167796,220,80,1.333333,1837,19,98,3,7,False
2016-04-07 20:00:00+00:00,2347167796,90,18,0.3,227,20,98,3,7,False
2016-04-07 21:00:00+00:00,2347167796,94,11,0.183333,681,21,98,3,7,False
2016-04-07 22:00:00+00:00,2347167796,128,26,0.433333,1124,22,98,3,7,False
2016-04-07 23:00:00+00:00,2347167796,57,0,0.0,0,23,98,3,7,False
2016-04-08 00:00:00+00:00,2347167796,57,0,0.0,0,0,99,4,8,False
2016-04-08 01:00:00+00:00,2347167796,57,0,0.0,0,1,99,4,8,False
2016-04-08 02:00:00+00:00,2347167796,57,0,0.0,0,2,99,4,8,False
2016-04-08 03:00:00+00:00,2347167796,57,0,0.0,0,3,99,4,8,False
2016-04-08 04:00:00+00:00,2347167796,57,0,0.0,0,4,99,4,8,False
2016-04-08 05:00:00+00:00,2347167796,57,0,0.0,0,5,99,4,8,False
2016-04-08 06:00:00+00:00,2347167796,59,1,0.016667,13,6,99,4,8,False
2016-04-08 07:00:00+00:00,2347167796,104,23,0.383333,481,7,99,4,8,False
2016-04-08 08:00:00+00:00,2347167796,123,23,0.383333,897,8,99,4,8,False
2016-04-08 09:00:00+00:00,2347167796,86,14,0.233333,338,9,99,4,8,False
2016-04-08 10:00:00+00:00,2347167796,78,12,0.2,160,10,99,4,8,False
2016-04-08 11:00:00+00:00,2347167796,78,13,0.216667,124,11,99,4,8,False
2016-04-08 12:00:00+00:00,2347167796,91,18,0.3,404,12,99,4,8,False
2016-04-08 13:00:00+00:00,2347167796,139,30,0.5,1523,13,99,4,8,False
2016-04-08 14:00:00+00:00,2347167796,68,4,0.066667,108,14,99,4,8,False
2016-04-08 15:00:00+00:00,2347167796,97,21,0.35,450,15,99,4,8,False
2016-04-08 16:00:00+00:00,2347167796,89,17,0.283333,302,16,99,4,8,False
2016-04-08 17:00:00+00:00,2347167796,66,6,0.1,53,17,99,4,8,False
2016-04-08 18:00:00+00:00,2347167796,147,36,0.6,1541,18,99,4,8,False
2016-04-08 19:00:00+00:00,2347167796,128,35,0.583333,934,19,99,4,8,False
2016-04-08 20:00:00+00:00,2347167796,112,26,0.433333,647,20,99,4,8,False
2016-04-08 21:00:00+00:00,2347167796,161,40,0.666667,2026,21,99,4,8,False
2016-04-08 22:00:00+00:00,2347167796,77,12,0.2,179,22,99,4,8,False
2016-04-08 23:00:00+00:00,2347167796,61,3,0.05,29,23,99,4,8,False
2016-04-09 00:00:00+00:00,2347167796,56,0,0.0,0,0,100,5,9,True
2016-04-09 01:00:00+00:00,2347167796,56,0,0.0,0,1,100,5,9,True
2016-04-09 02:00:00+00:00,2347167796,56,0,0.0,0,2,100,5,9,True
2016-04-09 03:00:00+00:00,2347167796,56,0,0.0,0,3,100,5,9,True
2016-04-09 04:00:00+00:00,2347167796,56,0,0.0,0,4,100,5,9,True
2016-04-09 05:00:00+00:00,2347167796,56,0,0.0,0,5,100,5,9,True
2016-04-09 06:00:00+00:00,2347167796,56,0,0.0,0,6,100,5,9,True
2016-04-09 07:00:00+00:00,2347167796,72,7,0.116667,190,7,100,5,9,True
2016-04-09 08:00:00+00:00,2347167796,123,26,0.433333,1146,8,100,5,9,True
2016-04-09 09:00:00+00:00,2347167796,114,22,0.366667,981,9,100,5,9,True
2016-04-09 10:00:00+00:00,2347167796,182,48,0.8,2233,10,100,5,9,True
2016-04-09 11:00:00+00:00,2347167796,199,66,1.1,2731,11,100,5,9,True
2016-04-09 12:00:00+00:00,2347167796,132,34,0.566667,1122,12,100,5,9,True
2016-04-09 13:00:00+00:00,2347167796,68,6,0.1,50,13,100,5,9,True
2016-04-09 14:00:00+00:00,2347167796,101,25,0.416667,464,14,100,5,9,True
2016-04-09 15:00:00+00:00,2347167796,124,35,0.583333,796,15,100,5,9,True
2016-04-09 16:00:00+00:00,2347167796,128,30,0.5,699,16,100,5,9,True
2016-04-09 17:00:00+00:00,2347167796,225,79,1.316667,3292,17,100,5,9,True
2016-04-09 18:00:00+00:00,2347167796,141,42,0.7,788,18,100,5,9,True
2016-04-09 19:00:00+00:00,2347167796,122,31,0.516667,741,19,100,5,9,True
2016-04-09 20:00:00+00:00,2347167796,76,6,0.1,52,20,100,5,9,True
2016-04-09 21:00:00+00:00,2347167796,104,24,0.4,426,21,100,5,9,True
2016-04-09 22:00:00+00:00,2347167796,94,16,0.266667,182,22,100,5,9,True
2016-04-09 23:00:00+00:00,2347167796,90,16,0.266667,188,23,100,5,9,True
2016-04-10 00:00:00+00:00,2347167796,57,0,0.0,0,0,101,6,10,True
2016-04-10 01:00:00+00:00,2347167796,59,1,0.016667,6,1,101,6,10,True
2016-04-10 02:00:00+00:00,2347167796,58,1,0.016667,14,2,101,6,10,True
2016-04-10 03:00:00+00:00,2347167796,57,0,0.0,0,3,101,6,10,True
2016-04-10 04:00:00+00:00,2347167796,60,2,0.033333,18,4,101,6,10,True
2016-04-10 05:00:00+00:00,2347167796,56,0,0.0,0,5,101,6,10,True
2016-04-10 06:00:00+00:00,2347167796,57,0,0.0,0,6,101,6,10,True
2016-04-10 07:00:00+00:00,2347167796,59,1,0.016667,10,7,101,6,10,True
2016-04-10 08:00:00+00:00,2347167796,57,0,0.0,0,8,101,6,10,True
2016-04-10 09:00:00+00:00,2347167796,71,8,0.133333,128,9,101,6,10,True
2016-04-10 10:00:00+00:00,2347167796,144,37,0.616667,1333,10,101,6,10,True
2016-04-10 11:00:00+00:00,2347167796,132,30,0.5,1166,11,101,6,10,True
2016-04-10 12:00:00+00:00,2347167796,79,11,0.183333,246,12,101,6,10,True
2016-04-10 13:00:00+00:00,2347167796,126,32,0.533333,774,13,101,6,10,True
2016-04-10 14:00:00+00:00,2347167796,135,37,0.616667,751,14,101,6,10,True
2016-04-10 15:00:00+00:00,2347167796,102,16,0.266667,245,15,101,6,10,True
2016-04-10 16:00:00+00:00,2347167796,79,9,0.15,54,16,101,6,10,True
2016-04-10 17:00:00+00:00,2347167796,89,14,0.233333,256,17,101,6,10,True
2016-04-10 18:00:00+00:00,2347167796,118,26,0.433333,410,18,101,6,10,True
2016-04-10 19:00:00+00:00,2347167796,165,49,0.816667,1391,19,101,6,10,True
2016-04-10 20:00:00+00:00,2347167796,169,49,0.816667,2044,20,101,6,10,True
2016-04-10 21:00:00+00:00,2347167796,122,20,0.333333,1197,21,101,6,10,True
2016-04-10 22:00:00+00:00,2347167796,60,2,0.033333,35,22,101,6,10,True
2016-04-10 23:00:00+00:00,2347167796,57,0,0.0,0,23,101,6,10,True
2016-04-11 00:00:00+00:00,2347167796,57,0,0.0,0,0,102,0,11,False
2016-04-11 01:00:00+00:00,2347167796,64,5,0.083333,45,1,102,0,11,False
2016-04-11 02:00:00+00:00,2347167796,59,2,0.033333,11,2,102,0,11,False
2016-04-11 03:00:00+00:00,2347167796,57,0,0.0,0,3,102,0,11,False
2016-04-11 04:00:00+00:00,2347167796,57,0,0.0,0,4,102,0,11,False
2016-04-11 05:00:00+00:00,2347167796,57,0,0.0,0,5,102,0,11,False
2016-04-11 06:00:00+00:00,2347167796,78,11,0.183333,254,6,102,0,11,False
2016-04-11 07:00:00+00:00,2347167796,238,93,1.55,3795,7,102,0,11,False
2016-04-11 08:00:00+00:00,2347167796,116,20,0.333333,1100,8,102,0,11,False
2016-04-11 09:00:00+00:00,2347167796,75,10,0.166667,111,9,102,0,11,False
2016-04-11 10:00:00+00:00,2347167796,76,8,0.133333,220,10,102,0,11,False
2016-04-11 11:00:00+00:00,2347167796,77,11,0.183333,143,11,102,0,11,False
2016-04-11 12:00:00+00:00,2347167796,85,14,0.233333,355,12,102,0,11,False
2016-04-11 13:00:00+00:00,2347167796,66,4,0.066667,60,13,102,0,11,False
2016-04-11 14:00:00+00:00,2347167796,64,2,0.033333,12,14,102,0,11,False
2016-04-11 15:00:00+00:00,2347167796,76,10,0.166667,117,15,102,0,11,False
2016-04-11 16:00:00+00:00,2347167796,75,9,0.15,193,16,102,0,11,False
2016-04-11 17:00:00+00:00,2347167796,74,10,0.166667,125,17,102,0,11,False
2016-04-11 18:00:00+00:00,2347167796,202,66,1.1,2735,18,102,0,11,False
2016-04-11 19:00:00+00:00,2347167796,82,14,0.233333,236,19,102,0,11,False
2016-04-11 20:00:00+00:00,2347167796,93,19,0.316667,374,20,102,0,11,False
2016-04-11 21:00:00+00:00,2347167796,69,7,0.116667,115,21,102,0,11,False
2016-04-11 22:00:00+00:00,2347167796,56,0,0.0,0,22,102,0,11,False
2016-04-11 23:00:00+00:00,2347167796,56,0,0.0,0,23,102,0,11,False
2016-04-12 00:00:00+00:00,2347167796,56,0,0.0,0,0,103,1,12,False
2016-04-12 01:00:00+00:00,2347167796,56,0,0.0,0,1,103,1,12,False
2016-04-12 02:00:00+00:00,2347167796,56,0,0.0,0,2,103,1,12,False
2016-04-12 03:00:00+00:00,2347167796,56,0,0.0,0,3,103,1,12,False
2016-04-12 04:00:00+00:00,2347167796,56,0,0.0,0,4,103,1,12,False
2016-04-12 05:00:00+00:00,2347167796,56,0,0.0,0,5,103,1,12,False
2016-04-12 06:00:00+00:00,2347167796,56,0,0.0,0,6,103,1,12,False
2016-04-12 07:00:00+00:00,2347167796,101,22,0.366667,397,7,103,1,12,False
2016-04-12 08:00:00+00:00,2347167796,167,48,0.8,1195,8,103,1,12,False
2016-04-12 09:00:00+00:00,2347167796,85,13,0.216667,193,9,103,1,12,False
2016-04-12 10:00:00+00:00,2347167796,74,7,0.116667,111,10,103,1,12,False
2016-04-12 11:00:00+00:00,2347167796,122,29,0.483333,169,11,103,1,12,False
2016-04-12 12:00:00+00:00,2347167796,83,11,0.183333,179,12,103,1,12,False
2016-04-12 13:00:00+00:00,2347167796,105,22,0.366667,371,13,103,1,12,False
2016-04-12 14:00:00+00:00,2347167796,134,32,0.533333,47,14,103,1,12,False
2016-04-12 15:00:00+00:00,2347167796,163,41,0.683333,337,15,103,1,12,False
2016-04-12 16:00:00+00:00,2347167796,84,13,0.216667,135,16,103,1,12,False
2016-04-12 17:00:00+00:00,2347167796,94,17,0.283333,433,17,103,1,12,False
2016-04-12 18:00:00+00:00,2347167796,154,36,0.6,1546,18,103,1,12,False
2016-04-12 19:00:00+00:00,2347167796,93,19,0.316667,355,19,103,1,12,False
2016-04-12 20:00:00+00:00,2347167796,151,46,0.766667,1391,20,103,1,12,False
2016-04-12 21:00:00+00:00,2347167796,224,73,1.216667,3229,21,103,1,12,False
2016-04-12 22:00:00+00:00,2347167796,59,1,0.016667,25,22,103,1,12,False
2016-04-12 23:00:00+00:00,2347167796,57,0,0.0,0,23,103,1,12,False
2016-04-13 00:00:00+00:00,2347167796,58,0,0.0,0,0,104,2,13,False
2016-04-13 01:00:00+00:00,2347167796,58,0,0.0,0,1,104,2,13,False
2016-04-13 02:00:00+00:00,2347167796,57,0,0.0,0,2,104,2,13,False
2016-04-13 03:00:00+00:00,2347167796,56,0,0.0,0,3,104,2,13,False
2016-04-13 04:00:00+00:00,2347167796,57,0,0.0,0,4,104,2,13,False
2016-04-13 05:00:00+00:00,2347167796,57,0,0.0,0,5,104,2,13,False
2016-04-13 06:00:00+00:00,2347167796,59,1,0.016667,6,6,104,2,13,False
2016-04-13 07:00:00+00:00,2347167796,185,62,1.033333,2581,7,104,2,13,False
2016-04-13 08:00:00+00:00,2347167796,125,25,0.416667,1175,8,104,2,13,False
2016-04-13 09:00:00+00:00,2347167796,64,2,0.033333,12,9,104,2,13,False
2016-04-13 10:00:00+00:00,2347167796,76,11,0.183333,158,10,104,2,13,False
2016-04-13 11:00:00+00:00,2347167796,67,5,0.083333,59,11,104,2,13,False
2016-04-13 12:00:00+00:00,2347167796,97,17,0.283333,366,12,104,2,13,False
2016-04-13 13:00:00+00:00,2347167796,121,34,0.566667,1200,13,104,2,13,False
2016-04-13 14:00:00+00:00,2347167796,77,11,0.183333,112,14,104,2,13,False
2016-04-13 15:00:00+00:00,2347167796,75,9,0.15,154,15,104,2,13,False
2016-04-13 16:00:00+00:00,2347167796,91,16,0.266667,311,16,104,2,13,False
2016-04-13 17:00:00+00:00,2347167796,73,8,0.133333,122,17,104,2,13,False
2016-04-13 18:00:00+00:00,2347167796,140,35,0.583333,1280,18,104,2,13,False
2016-04-13 19:00:00+00:00,2347167796,63,2,0.033333,14,19,104,2,13,False
2016-04-13 20:00:00+00:00,2347167796,86,15,0.25,489,20,104,2,13,False
2016-04-13 21:00:00+00:00,2347167796,174,59,0.983333,2197,21,104,2,13,False
2016-04-13 22:00:00+00:00,2347167796,65,4,0.066667,116,22,104,2,13,False
2016-04-13 23:00:00+00:00,2347167796,58,0,0.0,0,23,104,2,13,False
2016-04-14 00:00:00+00:00,2347167796,59,1,0.016667,8,0,105,3,14,False
2016-04-14 01:00:00+00:00,2347167796,58,0,0.0,0,1,105,3,14,False
2016-04-14 02:00:00+00:00,2347167796,57,0,0.0,0,2,105,3,14,False
2016-04-14 03:00:00+00:00,2347167796,57,0,0.0,0,3,105,3,14,False
2016-04-14 04:00:00+00:00,2347167796,57,0,0.0,0,4,105,3,14,False
2016-04-14 05:00:00+00:00,2347167796,57,0,0.0,0,5,105,3,14,False
2016-04-14 06:00:00+00:00,2347167796,60,2,0.033333,12,6,105,3,14,False
2016-04-14 07:00:00+00:00,2347167796,197,72,1.2,2706,7,105,3,14,False
2016-04-14 08:00:00+00:00,2347167796,119,24,0.4,1041,8,105,3,14,False
2016-04-14 09:00:00+00:00,2347167796,80,10,0.166667,264,9,105,3,14,False
2016-04-14 10:00:00+00:00,2347167796,84,12,0.2,370,10,105,3,14,False
2016-04-14 11:00:00+00:00,2347167796,82,12,0.2,283,11,105,3,14,False
2016-04-14 12:00:00+00:00,2347167796,82,10,0.166667,382,12,105,3,14,False
2016-04-14 13:00:00+00:00,2347167796,173,56,0.933333,2423,13,105,3,14,False
2016-04-14 14:00:00+00:00,2347167796,86,16,0.266667,275,14,105,3,14,False
2016-04-14 15:00:00+00:00,2347167796,77,9,0.15,170,15,105,3,14,False
2016-04-14 16:00:00+00:00,2347167796,77,12,0.2,117,16,105,3,14,False
2016-04-14 17:00:00+00:00,2347167796,70,8,0.133333,99,17,105,3,14,False
2016-04-14 18:00:00+00:00,2347167796,144,39,0.65,1364,18,105,3,14,False
2016-04-14 19:00:00+00:00,2347167796,72,8,0.133333,137,19,105,3,14,False
2016-04-14 20:00:00+00:00,2347167796,64,2,0.033333,53,20,105,3,14,False
2016-04-14 21:00:00+00:00,2347167796,77,7,0.116667,305,21,105,3,14,False
2016-04-14 22:00:00+00:00,2347167796,66,5,0.083333,120,22,105,3,14,False
2016-04-14 23:00:00+00:00,2347167796,57,0,0.0,0,23,105,3,14,False
2016-04-15 00:00:00+00:00,2347167796,57,0,0.0,0,0,106,4,15,False
2016-04-15 01:00:00+00:00,2347167796,57,0,0.0,0,1,106,4,15,False
2016-04-15 02:00:00+00:00,2347167796,60,2,0.033333,12,2,106,4,15,False
2016-04-15 03:00:00+00:00,2347167796,57,0,0.0,0,3,106,4,15,False
2016-04-15 04:00:00+00:00,2347167796,57,0,0.0,0,4,106,4,15,False
2016-04-15 05:00:00+00:00,2347167796,57,0,0.0,0,5,106,4,15,False
2016-04-15 06:00:00+00:00,2347167796,59,1,0.016667,9,6,106,4,15,False
2016-04-15 07:00:00+00:00,2347167796,194,69,1.15,2813,7,106,4,15,False
2016-04-15 08:00:00+00:00,2347167796,121,25,0.416667,1077,8,106,4,15,False
2016-04-15 09:00:00+00:00,2347167796,86,16,0.266667,291,9,106,4,15,False
2016-04-15 10:00:00+00:00,2347167796,67,4,0.066667,51,10,106,4,15,False
2016-04-15 11:00:00+00:00,2347167796,76,10,0.166667,146,11,106,4,15,False
2016-04-15 12:00:00+00:00,2347167796,85,14,0.233333,259,12,106,4,15,False
2016-04-15 13:00:00+00:00,2347167796,93,15,0.25,359,13,106,4,15,False
2016-04-15 14:00:00+00:00,2347167796,74,8,0.133333,131,14,106,4,15,False
2016-04-15 15:00:00+00:00,2347167796,63,2,0.033333,15,15,106,4,15,False
2016-04-15 16:00:00+00:00,2347167796,87,16,0.266667,323,16,106,4,15,False
2016-04-15 17:00:00+00:00,2347167796,63,2,0.033333,73,17,106,4,15,False
2016-04-15 18:00:00+00:00,2347167796,198,51,0.85,2499,18,106,4,15,False
2016-04-15 19:00:00+00:00,2347167796,174,39,0.65,1137,19,106,4,15,False
2016-04-15 20:00:00+00:00,2347167796,118,28,0.466667,732,20,106,4,15,False
2016-04-15 21:00:00+00:00,2347167796,91,16,0.266667,294,21,106,4,15,False
2016-04-15 22:00:00+00:00,2347167796,86,17,0.283333,244,22,106,4,15,False
2016-04-15 23:00:00+00:00,2347167796,56,0,0.0,0,23,106,4,15,False
2016-04-16 00:00:00+00:00,2347167796,56,0,0.0,0,0,107,5,16,True
2016-04-16 01:00:00+00:00,2347167796,56,0,0.0,0,1,107,5,16,True
2016-04-16 02:00:00+00:00,2347167796,56,0,0.0,0,2,107,5,16,True
2016-04-16 03:00:00+00:00,2347167796,56,0,0.0,0,3,107,5,16,True
2016-04-16 04:00:00+00:00,2347167796,56,0,0.0,0,4,107,5,16,True
2016-04-16 05:00:00+00:00,2347167796,56,0,0.0,0,5,107,5,16,True
2016-04-16 06:00:00+00:00,2347167796,56,0,0.0,0,6,107,5,16,True
2016-04-16 07:00:00+00:00,2347167796,124,34,0.566667,1446,7,107,5,16,True
2016-04-16 08:00:00+00:00,2347167796,334,130,2.166667,5291,8,107,5,16,True
2016-04-16 09:00:00+00:00,2347167796,329,132,2.2,5249,9,107,5,16,True
2016-04-16 10:00:00+00:00,2347167796,106,24,0.4,468,10,107,5,16,True
2016-04-16 11:00:00+00:00,2347167796,122,31,0.516667,869,11,107,5,16,True
2016-04-16 12:00:00+00:00,2347167796,100,23,0.383333,529,12,107,5,16,True
2016-04-16 13:00:00+00:00,2347167796,84,13,0.216667,352,13,107,5,16,True
2016-04-16 14:00:00+00:00,2347167796,56,0,0.0,0,14,107,5,16,True
2016-04-16 15:00:00+00:00,2347167796,56,0,0.0,0,15,107,5,16,True
2016-04-16 16:00:00+00:00,2347167796,57,0,0.0,0,16,107,5,16,True
2016-04-16 17:00:00+00:00,2347167796,160,36,0.6,1344,17,107,5,16,True
2016-04-16 18:00:00+00:00,2347167796,180,40,0.666667,2139,18,107,5,16,True
2016-04-16 19:00:00+00:00,2347167796,127,35,0.583333,943,19,107,5,16,True
2016-04-16 20:00:00+00:00,2347167796,150,48,0.8,1496,20,107,5,16,True
2016-04-16 21:00:00+00:00,2347167796,138,47,0.783333,1571,21,107,5,16,True
2016-04-16 22:00:00+00:00,2347167796,95,17,0.283333,547,22,107,5,16,True
2016-04-16 23:00:00+00:00,2347167796,57,0,0.0,0,23,107,5,16,True
2016-04-17 00:00:00+00:00,2347167796,57,0,0.0,0,0,108,6,17,True
2016-04-17 01:00:00+00:00,2347167796,57,0,0.0,0,1,108,6,17,True
2016-04-17 02:00:00+00:00,2347167796,57,0,0.0,0,2,108,6,17,True
2016-04-17 03:00:00+00:00,2347167796,57,0,0.0,0,3,108,6,17,True
2016-04-17 04:00:00+00:00,2347167796,58,1,0.016667,8,4,108,6,17,True
2016-04-17 05:00:00+00:00,2347167796,57,0,0.0,0,5,108,6,17,True
2016-04-17 06:00:00+00:00,2347167796,56,0,0.0,0,6,108,6,17,True
2016-04-17 07:00:00+00:00,2347167796,61,3,0.05,20,7,108,6,17,True
2016-04-17 08:00:00+00:00,2347167796,61,3,0.05,22,8,108,6,17,True
2016-04-17 09:00:00+00:00,2347167796,73,8,0.133333,161,9,108,6,17,True
2016-04-17 10:00:00+00:00,2347167796,111,31,0.516667,541,10,108,6,17,True
2016-04-17 11:00:00+00:00,2347167796,160,48,0.8,1489,11,108,6,17,True
2016-04-17 12:00:00+00:00,2347167796,62,2,0.033333,21,12,108,6,17,True
2016-04-17 13:00:00+00:00,2347167796,124,35,0.583333,872,13,108,6,17,True
2016-04-17 14:00:00+00:00,2347167796,113,32,0.533333,578,14,108,6,17,True
2016-04-17 15:00:00+00:00,2347167796,89,11,0.183333,219,15,108,6,17,True
2016-04-17 16:00:00+00:00,2347167796,74,8,0.133333,57,16,108,6,17,True
2016-04-17 17:00:00+00:00,2347167796,87,17,0.283333,256,17,108,6,17,True
2016-04-17 18:00:00+00:00,2347167796,98,19,0.316667,495,18,108,6,17,True
2016-04-17 19:00:00+00:00,2347167796,93,17,0.283333,334,19,108,6,17,True
2016-04-17 20:00:00+00:00,2347167796,84,16,0.266667,217,20,108,6,17,True
2016-04-17 21:00:00+00:00,2347167796,81,15,0.25,182,21,108,6,17,True
2016-04-17 22:00:00+00:00,2347167796,57,0,0.0,0,22,108,6,17,True
2016-04-17 23:00:00+00:00,2347167796,57,0,0.0,0,23,108,6,17,True
2016-04-18 00:00:00+00:00,2347167796,59,1,0.016667,6,0,109,0,18,False
2016-04-18 01:00:00+00:00,2347167796,57,0,0.0,0,1,109,0,18,False
2016-04-18 02:00:00+00:00,2347167796,57,0,0.0,0,2,109,0,18,False
2016-04-18 03:00:00+00:00,2347167796,57,0,0.0,0,3,109,0,18,False
2016-04-18 04:00:00+00:00,2347167796,57,0,0.0,0,4,109,0,18,False
2016-04-18 05:00:00+00:00,2347167796,57,0,0.0,0,5,109,0,18,False
2016-04-18 06:00:00+00:00,2347167796,60,2,0.033333,15,6,109,0,18,False
2016-04-18 07:00:00+00:00,2347167796,95,20,0.333333,418,7,109,0,18,False
2016-04-18 08:00:00+00:00,2347167796,122,23,0.383333,1158,8,109,0,18,False
2016-04-18 09:00:00+00:00,2347167796,65,4,0.066667,23,9,109,0,18,False
2016-04-18 10:00:00+00:00,2347167796,76,10,0.166667,178,10,109,0,18,False
2016-04-18 11:00:00+00:00,2347167796,72,8,0.133333,120,11,109,0,18,False
2016-04-18 12:00:00+00:00,2347167796,70,7,0.116667,83,12,109,0,18,False
2016-04-18 13:00:00+00:00,2347167796,133,38,0.633333,1439,13,109,0,18,False
2016-04-18 14:00:00+00:00,2347167796,99,21,0.35,606,14,109,0,18,False
2016-04-18 15:00:00+00:00,2347167796,71,6,0.1,147,15,109,0,18,False
2016-04-18 16:00:00+00:00,2347167796,79,12,0.2,175,16,109,0,18,False
2016-04-18 17:00:00+00:00,2347167796,67,5,0.083333,92,17,109,0,18,False
2016-04-18 18:00:00+00:00,2347167796,127,31,0.516667,1070,18,109,0,18,False
2016-04-18 19:00:00+00:00,2347167796,76,11,0.183333,101,19,109,0,18,False
2016-04-18 20:00:00+00:00,2347167796,207,64,1.066667,2497,20,109,0,18,False
2016-04-18 21:00:00+00:00,2347167796,67,6,0.1,104,21,109,0,18,False
2016-04-18 22:00:00+00:00,2347167796,60,2,0.033333,15,22,109,0,18,False
2016-04-18 23:00:00+00:00,2347167796,57,0,0.0,0,23,109,0,18,False
2016-04-19 00:00:00+00:00,2347167796,57,0,0.0,0,0,110,1,19,False
2016-04-19 01:00:00+00:00,2347167796,57,0,0.0,0,1,110,1,19,False
2016-04-19 02:00:00+00:00,2347167796,57,0,0.0,0,2,110,1,19,False
2016-04-19 03:00:00+00:00,2347167796,56,0,0.0,0,3,110,1,19,False
2016-04-19 04:00:00+00:00,2347167796,57,0,0.0,0,4,110,1,19,False
2016-04-19 05:00:00+00:00,2347167796,59,1,0.016667,20,5,110,1,19,False
2016-04-19 06:00:00+00:00,2347167796,66,4,0.066667,148,6,110,1,19,False
2016-04-19 07:00:00+00:00,2347167796,85,13,0.216667,291,7,110,1,19,False
2016-04-19 08:00:00+00:00,2347167796,144,28,0.466667,1033,8,110,1,19,False
2016-04-19 09:00:00+00:00,2347167796,101,17,0.283333,72,9,110,1,19,False
2016-04-19 10:00:00+00:00,2347167796,126,30,0.5,235,10,110,1,19,False
2016-04-19 11:00:00+00:00,2347167796,200,57,0.95,253,11,110,1,19,False
2016-04-19 12:00:00+00:00,2347167796,162,44,0.733333,228,12,110,1,19,False
2016-04-19 13:00:00+00:00,2347167796,124,22,0.366667,897,13,110,1,19,False
2016-04-19 14:00:00+00:00,2347167796,120,20,0.333333,102,14,110,1,19,False
2016-04-19 15:00:00+00:00,2347167796,123,30,0.5,177,15,110,1,19,False
2016-04-19 16:00:00+00:00,2347167796,109,26,0.433333,307,16,110,1,19,False
2016-04-19 17:00:00+00:00,2347167796,73,7,0.116667,114,17,110,1,19,False
2016-04-19 18:00:00+00:00,2347167796,152,37,0.616667,1170,18,110,1,19,False
2016-04-19 19:00:00+00:00,2347167796,125,26,0.433333,1088,19,110,1,19,False
2016-04-19 20:00:00+00:00,2347167796,97,20,0.333333,360,20,110,1,19,False
2016-04-19 21:00:00+00:00,2347167796,82,14,0.233333,216,21,110,1,19,False
2016-04-19 22:00:00+00:00,2347167796,56,0,0.0,0,22,110,1,19,False
2016-04-19 23:00:00+00:00,2347167796,56,0,0.0,0,23,110,1,19,False
2016-04-20 00:00:00+00:00,2347167796,56,0,0.0,0,0,111,2,20,False
2016-04-20 01:00:00+00:00,2347167796,56,0,0.0,0,1,111,2,20,False
2016-04-20 02:00:00+00:00,2347167796,56,0,0.0,0,2,111,2,20,False
2016-04-20 03:00:00+00:00,2347167796,56,0,0.0,0,3,111,2,20,False
2016-04-20 04:00:00+00:00,2347167796,56,0,0.0,0,4,111,2,20,False
2016-04-20 05:00:00+00:00,2347167796,56,0,0.0,0,5,111,2,20,False
2016-04-20 06:00:00+00:00,2347167796,56,0,0.0,0,6,111,2,20,False
2016-04-20 07:00:00+00:00,2347167796,199,67,1.116667,2534,7,111,2,20,False
2016-04-20 08:00:00+00:00,2347167796,127,27,0.45,1131,8,111,2,20,False
2016-04-20 09:00:00+00:00,2347167796,68,5,0.083333,82,9,111,2,20,False
2016-04-20 10:00:00+00:00,2347167796,74,8,0.133333,171,10,111,2,20,False
2016-04-20 11:00:00+00:00,2347167796,68,5,0.083333,78,11,111,2,20,False
2016-04-20 12:00:00+00:00,2347167796,82,15,0.25,224,12,111,2,20,False
2016-04-20 13:00:00+00:00,2347167796,96,17,0.283333,571,13,111,2,20,False
2016-04-20 14:00:00+00:00,2347167796,85,14,0.233333,315,14,111,2,20,False
2016-04-20 15:00:00+00:00,2347167796,76,10,0.166667,126,15,111,2,20,False
2016-04-20 16:00:00+00:00,2347167796,89,18,0.3,320,16,111,2,20,False
2016-04-20 17:00:00+00:00,2347167796,103,25,0.416667,544,17,111,2,20,False
2016-04-20 18:00:00+00:00,2347167796,206,68,1.133333,1622,18,111,2,20,False
2016-04-20 19:00:00+00:00,2347167796,141,38,0.633333,1054,19,111,2,20,False
2016-04-20 20:00:00+00:00,2347167796,181,51,0.85,1909,20,111,2,20,False
2016-04-20 21:00:00+00:00,2347167796,80,12,0.2,161,21,111,2,20,False
2016-04-20 22:00:00+00:00,2347167796,71,8,0.133333,157,22,111,2,20,False
2016-04-20 23:00:00+00:00,2347167796,57,0,0.0,0,23,111,2,20,False
2016-04-21 00:00:00+00:00,2347167796,58,1,0.016667,7,0,112,3,21,False
2016-04-21 01:00:00+00:00,2347167796,57,0,0.0,0,1,112,3,21,False
2016-04-21 02:00:00+00:00,2347167796,58,1,0.016667,7,2,112,3,21,False
2016-04-21 03:00:00+00:00,2347167796,57,0,0.0,0,3,112,3,21,False
2016-04-21 04:00:00+00:00,2347167796,57,0,0.0,0,4,112,3,21,False
2016-04-21 05:00:00+00:00,2347167796,57,0,0.0,0,5,112,3,21,False
2016-04-21 06:00:00+00:00,2347167796,69,5,0.083333,141,6,112,3,21,False
2016-04-21 07:00:00+00:00,2347167796,82,13,0.216667,257,7,112,3,21,False
2016-04-21 08:00:00+00:00,2347167796,119,24,0.4,909,8,112,3,21,False
2016-04-21 09:00:00+00:00,2347167796,63,2,0.033333,19,9,112,3,21,False
2016-04-21 10:00:00+00:00,2347167796,75,10,0.166667,128,10,112,3,21,False
2016-04-21 11:00:00+00:00,2347167796,76,11,0.183333,140,11,112,3,21,False
2016-04-21 12:00:00+00:00,2347167796,105,21,0.35,735,12,112,3,21,False
2016-04-21 13:00:00+00:00,2347167796,82,13,0.216667,232,13,112,3,21,False
2016-04-21 14:00:00+00:00,2347167796,94,20,0.333333,254,14,112,3,21,False
2016-04-21 15:00:00+00:00,2347167796,75,9,0.15,89,15,112,3,21,False
2016-04-21 16:00:00+00:00,2347167796,72,8,0.133333,91,16,112,3,21,False
2016-04-21 17:00:00+00:00,2347167796,67,5,0.083333,46,17,112,3,21,False
2016-04-21 18:00:00+00:00,2347167796,134,29,0.483333,1361,18,112,3,21,False
2016-04-21 19:00:00+00:00,2347167796,89,18,0.3,294,19,112,3,21,False
2016-04-21 20:00:00+00:00,2347167796,153,47,0.783333,1880,20,112,3,21,False
2016-04-21 21:00:00+00:00,2347167796,230,88,1.466667,3410,21,112,3,21,False
2016-04-21 22:00:00+00:00,2347167796,65,4,0.066667,80,22,112,3,21,False
2016-04-21 23:00:00+00:00,2347167796,57,0,0.0,0,23,112,3,21,False
2016-04-22 00:00:00+00:00,2347167796,57,0,0.0,0,0,113,4,22,False
2016-04-22 01:00:00+00:00,2347167796,57,0,0.0,0,1,113,4,22,False
2016-04-22 02:00:00+00:00,2347167796,57,0,0.0,0,2,113,4,22,False
2016-04-22 03:00:00+00:00,2347167796,57,0,0.0,0,3,113,4,22,False
2016-04-22 04:00:00+00:00,2347167796,62,4,0.066667,38,4,113,4,22,False
2016-04-22 05:00:00+00:00,2347167796,58,1,0.016667,10,5,113,4,22,False
2016-04-22 06:00:00+00:00,2347167796,59,1,0.016667,13,6,113,4,22,False
2016-04-22 07:00:00+00:00,2347167796,255,95,1.583333,3724,7,113,4,22,False
2016-04-22 08:00:00+00:00,2347167796,112,22,0.366667,879,8,113,4,22,False
2016-04-22 09:00:00+00:00,2347167796,67,5,0.083333,41,9,113,4,22,False
2016-04-22 10:00:00+00:00,2347167796,70,7,0.116667,74,10,113,4,22,False
2016-04-22 11:00:00+00:00,2347167796,73,7,0.116667,61,11,113,4,22,False
2016-04-22 12:00:00+00:00,2347167796,89,18,0.3,276,12,113,4,22,False
2016-04-22 13:00:00+00:00,2347167796,96,21,0.35,411,13,113,4,22,False
2016-04-22 14:00:00+00:00,2347167796,91,18,0.3,276,14,113,4,22,False
2016-04-22 15:00:00+00:00,2347167796,91,19,0.316667,315,15,113,4,22,False
2016-04-22 16:00:00+00:00,2347167796,80,14,0.233333,184,16,113,4,22,False
2016-04-22 17:00:00+00:00,2347167796,96,20,0.333333,512,17,113,4,22,False
2016-04-22 18:00:00+00:00,2347167796,116,26,0.433333,876,18,113,4,22,False
2016-04-22 19:00:00+00:00,2347167796,61,2,0.033333,13,19,113,4,22,False
2016-04-22 20:00:00+00:00,2347167796,67,5,0.083333,79,20,113,4,22,False
2016-04-22 21:00:00+00:00,2347167796,59,0,0.0,0,21,113,4,22,False
2016-04-22 22:00:00+00:00,2347167796,57,0,0.0,0,22,113,4,22,False
2016-04-22 23:00:00+00:00,2347167796,60,2,0.033333,22,23,113,4,22,False
2016-04-23 00:00:00+00:00,2347167796,57,0,0.0,0,0,114,5,23,True
2016-04-23 01:00:00+00:00,2347167796,57,0,0.0,0,1,114,5,23,True
2016-04-23 02:00:00+00:00,2347167796,57,0,0.0,0,2,114,5,23,True
2016-04-23 03:00:00+00:00,2347167796,58,1,0.016667,4,3,114,5,23,True
2016-04-23 04:00:00+00:00,2347167796,56,0,0.0,0,4,114,5,23,True
2016-04-23 05:00:00+00:00,2347167796,57,0,0.0,0,5,114,5,23,True
2016-04-23 06:00:00+00:00,2347167796,59,2,0.033333,18,6,114,5,23,True
2016-04-23 07:00:00+00:00,2347167796,72,7,0.116667,150,7,114,5,23,True
2016-04-23 08:00:00+00:00,2347167796,301,105,1.75,4214,8,114,5,23,True
2016-04-23 09:00:00+00:00,2347167796,90,13,0.216667,522,9,114,5,23,True
2016-04-23 10:00:00+00:00,2347167796,119,27,0.45,825,10,114,5,23,True
2016-04-23 11:00:00+00:00,2347167796,218,53,0.883333,2143,11,114,5,23,True
2016-04-23 12:00:00+00:00,2347167796,131,36,0.6,1056,12,114,5,23,True
2016-04-23 13:00:00+00:00,2347167796,211,72,1.2,1908,13,114,5,23,True
2016-04-23 14:00:00+00:00,2347167796,106,18,0.3,121,14,114,5,23,True
2016-04-23 15:00:00+00:00,2347167796,71,8,0.133333,99,15,114,5,23,True
2016-04-23 16:00:00+00:00,2347167796,90,12,0.2,468,16,114,5,23,True
2016-04-23 17:00:00+00:00,2347167796,147,38,0.633333,1139,17,114,5,23,True
2016-04-23 18:00:00+00:00,2347167796,135,27,0.45,1267,18,114,5,23,True
2016-04-23 19:00:00+00:00,2347167796,109,23,0.383333,323,19,114,5,23,True
2016-04-23 20:00:00+00:00,2347167796,157,33,0.55,1603,20,114,5,23,True
2016-04-23 21:00:00+00:00,2347167796,87,14,0.233333,225,21,114,5,23,True
2016-04-23 22:00:00+00:00,2347167796,114,29,0.483333,713,22,114,5,23,True
2016-04-23 23:00:00+00:00,2347167796,69,8,0.133333,103,23,114,5,23,True
2016-04-24 00:00:00+00:00,2347167796,57,0,0.0,0,0,115,6,24,True
2016-04-24 01:00:00+00:00,2347167796,57,0,0.0,0,1,115,6,24,True
2016-04-24 02:00:00+00:00,2347167796,57,0,0.0,0,2,115,6,24,True
2016-04-24 03:00:00+00:00,2347167796,57,0,0.0,0,3,115,6,24,True
2016-04-24 04:00:00+00:00,2347167796,57,0,0.0,0,4,115,6,24,True
2016-04-24 05:00:00+00:00,2347167796,56,0,0.0,0,5,115,6,24,True
2016-04-24 06:00:00+00:00,2347167796,58,1,0.016667,7,6,115,6,24,True
2016-04-24 07:00:00+00:00,2347167796,83,12,0.2,324,7,115,6,24,True
2016-04-24 08:00:00+00:00,2347167796,133,32,0.533333,1151,8,115,6,24,True
2016-04-24 09:00:00+00:00,2347167796,103,24,0.4,459,9,115,6,24,True
2016-04-24 10:00:00+00:00,2347167796,129,26,0.433333,804,10,115,6,24,True
2016-04-24 11:00:00+00:00,2347167796,148,36,0.6,1178,11,115,6,24,True
2016-04-24 12:00:00+00:00,2347167796,71,7,0.116667,82,12,115,6,24,True
2016-04-24 13:00:00+00:00,2347167796,135,29,0.483333,973,13,115,6,24,True
2016-04-24 14:00:00+00:00,2347167796,89,17,0.283333,256,14,115,6,24,True
2016-04-24 15:00:00+00:00,2347167796,95,15,0.25,211,15,115,6,24,True
2016-04-24 16:00:00+00:00,2347167796,79,8,0.133333,100,16,115,6,24,True
2016-04-24 17:00:00+00:00,2347167796,82,11,0.183333,166,17,115,6,24,True
2016-04-24 18:00:00+00:00,2347167796,125,35,0.583333,738,18,115,6,24,True
2016-04-24 19:00:00+00:00,2347167796,180,49,0.816667,1835,19,115,6,24,True
2016-04-24 20:00:00+00:00,2347167796,117,31,0.516667,697,20,115,6,24,True
2016-04-24 21:00:00+00:00,2347167796,106,27,0.45,490,21,115,6,24,True
2016-04-24 22:00:00+00:00,2347167796,57,0,0.0,0,22,115,6,24,True
2016-04-24 23:00:00+00:00,2347167796,56,0,0.0,0,23,115,6,24,True
2016-04-25 00:00:00+00:00,2347167796,56,0,0.0,0,0,116,0,25,False
2016-04-25 01:00:00+00:00,2347167796,57,0,0.0,0,1,116,0,25,False
2016-04-25 02:00:00+00:00,2347167796,58,1,0.016667,10,2,116,0,25,False
2016-04-25 03:00:00+00:00,2347167796,57,0,0.0,0,3,116,0,25,False
2016-04-25 04:00:00+00:00,2347167796,57,0,0.0,0,4,116,0,25,False
2016-04-25 05:00:00+00:00,2347167796,58,1,0.016667,6,5,116,0,25,False
2016-04-25 06:00:00+00:00,2347167796,61,2,0.033333,16,6,116,0,25,False
2016-04-25 07:00:00+00:00,2347167796,87,14,0.233333,284,7,116,0,25,False
2016-04-25 08:00:00+00:00,2347167796,127,28,0.466667,1111,8,116,0,25,False
2016-04-25 09:00:00+00:00,2347167796,81,11,0.183333,252,9,116,0,25,False
2016-04-25 10:00:00+00:00,2347167796,81,14,0.233333,197,10,116,0,25,False
2016-04-25 11:00:00+00:00,2347167796,72,7,0.116667,152,11,116,0,25,False
2016-04-25 12:00:00+00:00,2347167796,107,20,0.333333,787,12,116,0,25,False
2016-04-25 13:00:00+00:00,2347167796,73,8,0.133333,129,13,116,0,25,False
2016-04-25 14:00:00+00:00,2347167796,83,15,0.25,141,14,116,0,25,False
2016-04-25 15:00:00+00:00,2347167796,83,15,0.25,208,15,116,0,25,False
2016-04-25 16:00:00+00:00,2347167796,75,10,0.166667,120,16,116,0,25,False
2016-04-25 17:00:00+00:00,2347167796,82,16,0.266667,185,17,116,0,25,False
2016-04-25 18:00:00+00:00,2347167796,210,67,1.116667,2882,18,116,0,25,False
2016-04-25 19:00:00+00:00,2347167796,202,65,1.083333,1953,19,116,0,25,False
2016-04-25 20:00:00+00:00,2347167796,100,23,0.383333,429,20,116,0,25,False
2016-04-25 21:00:00+00:00,2347167796,77,10,0.166667,165,21,116,0,25,False
2016-04-25 22:00:00+00:00,2347167796,92,17,0.283333,455,22,116,0,25,False
2016-04-25 23:00:00+00:00,2347167796,57,0,0.0,0,23,116,0,25,False
2016-04-26 00:00:00+00:00,2347167796,57,0,0.0,0,0,117,1,26,False
2016-04-26 01:00:00+00:00,2347167796,57,0,0.0,0,1,117,1,26,False
2016-04-26 02:00:00+00:00,2347167796,57,0,0.0,0,2,117,1,26,False
2016-04-26 03:00:00+00:00,2347167796,57,0,0.0,0,3,117,1,26,False
2016-04-26 04:00:00+00:00,2347167796,57,0,0.0,0,4,117,1,26,False
2016-04-26 05:00:00+00:00,2347167796,57,0,0.0,0,5,117,1,26,False
2016-04-26 06:00:00+00:00,2347167796,74,8,0.133333,178,6,117,1,26,False
2016-04-26 07:00:00+00:00,2347167796,72,7,0.116667,102,7,117,1,26,False
2016-04-26 08:00:00+00:00,2347167796,118,26,0.433333,909,8,117,1,26,False
2016-04-26 09:00:00+00:00,2347167796,81,11,0.183333,299,9,117,1,26,False
2016-04-26 10:00:00+00:00,2347167796,79,13,0.216667,138,10,117,1,26,False
2016-04-26 11:00:00+00:00,2347167796,85,12,0.2,317,11,117,1,26,False
2016-04-26 12:00:00+00:00,2347167796,86,14,0.233333,322,12,117,1,26,False
2016-04-26 13:00:00+00:00,2347167796,130,29,0.483333,1251,13,117,1,26,False
2016-04-26 14:00:00+00:00,2347167796,81,11,0.183333,236,14,117,1,26,False
2016-04-26 15:00:00+00:00,2347167796,63,1,0.016667,15,15,117,1,26,False
2016-04-26 16:00:00+00:00,2347167796,70,7,0.116667,101,16,117,1,26,False
2016-04-26 17:00:00+00:00,2347167796,64,3,0.05,28,17,117,1,26,False
2016-04-26 18:00:00+00:00,2347167796,143,37,0.616667,1347,18,117,1,26,False
2016-04-26 19:00:00+00:00,2347167796,92,19,0.316667,293,19,117,1,26,False
2016-04-26 20:00:00+00:00,2347167796,82,14,0.233333,179,20,117,1,26,False
2016-04-26 21:00:00+00:00,2347167796,80,12,0.2,233,21,117,1,26,False
2016-04-26 22:00:00+00:00,2347167796,62,3,0.05,32,22,117,1,26,False
2016-04-26 23:00:00+00:00,2347167796,57,0,0.0,0,23,117,1,26,False
2016-04-27 00:00:00+00:00,2347167796,57,0,0.0,0,0,118,2,27,False
2016-04-27 01:00:00+00:00,2347167796,57,0,0.0,0,1,118,2,27,False
2016-04-27 02:00:00+00:00,2347167796,57,0,0.0,0,2,118,2,27,False
2016-04-27 03:00:00+00:00,2347167796,57,0,0.0,0,3,118,2,27,False
2016-04-27 04:00:00+00:00,2347167796,57,0,0.0,0,4,118,2,27,False
2016-04-27 05:00:00+00:00,2347167796,57,0,0.0,0,5,118,2,27,False
2016-04-27 06:00:00+00:00,2347167796,60,2,0.033333,20,6,118,2,27,False
2016-04-27 07:00:00+00:00,2347167796,76,9,0.15,169,7,118,2,27,False
2016-04-27 08:00:00+00:00,2347167796,106,18,0.3,792,8,118,2,27,False
2016-04-27 09:00:00+00:00,2347167796,79,9,0.15,239,9,118,2,27,False
2016-04-27 10:00:00+00:00,2347167796,88,17,0.283333,338,10,118,2,27,False
2016-04-27 11:00:00+00:00,2347167796,82,14,0.233333,212,11,118,2,27,False
2016-04-27 12:00:00+00:00,2347167796,92,15,0.25,483,12,118,2,27,False
2016-04-27 13:00:00+00:00,2347167796,83,14,0.233333,267,13,118,2,27,False
2016-04-27 14:00:00+00:00,2347167796,114,25,0.416667,754,14,118,2,27,False
2016-04-27 15:00:00+00:00,2347167796,84,15,0.25,184,15,118,2,27,False
2016-04-27 16:00:00+00:00,2347167796,83,13,0.216667,220,16,118,2,27,False
2016-04-27 17:00:00+00:00,2347167796,95,24,0.4,255,17,118,2,27,False
2016-04-27 18:00:00+00:00,2347167796,148,36,0.6,1500,18,118,2,27,False
2016-04-27 19:00:00+00:00,2347167796,297,117,1.95,4359,19,118,2,27,False
2016-04-27 20:00:00+00:00,2347167796,145,36,0.6,1204,20,118,2,27,False
2016-04-27 21:00:00+00:00,2347167796,94,21,0.35,315,21,118,2,27,False
2016-04-27 22:00:00+00:00,2347167796,68,5,0.083333,112,22,118,2,27,False
2016-04-27 23:00:00+00:00,2347167796,59,1,0.016667,0,23,118,2,27,False
2016-04-28 00:00:00+00:00,2347167796,58,1,0.016667,10,0,119,3,28,False
2016-04-28 01:00:00+00:00,2347167796,56,0,0.0,0,1,119,3,28,False
2016-04-28 02:00:00+00:00,2347167796,61,3,0.05,18,2,119,3,28,False
2016-04-28 03:00:00+00:00,2347167796,57,0,0.0,0,3,119,3,28,False
2016-04-28 04:00:00+00:00,2347167796,56,0,0.0,0,4,119,3,28,False
2016-04-28 05:00:00+00:00,2347167796,57,0,0.0,0,5,119,3,28,False
2016-04-28 06:00:00+00:00,2347167796,77,9,0.15,228,6,119,3,28,False
2016-04-28 07:00:00+00:00,2347167796,60,1,0.016667,20,7,119,3,28,False
2016-04-28 08:00:00+00:00,2347167796,145,34,0.566667,1264,8,119,3,28,False
2016-04-28 09:00:00+00:00,2347167796,77,10,0.166667,138,9,119,3,28,False
2016-04-28 10:00:00+00:00,2347167796,69,4,0.066667,123,10,119,3,28,False
2016-04-28 11:00:00+00:00,2347167796,96,20,0.333333,481,11,119,3,28,False
2016-04-28 12:00:00+00:00,2347167796,84,13,0.216667,313,12,119,3,28,False
2016-04-28 13:00:00+00:00,2347167796,78,11,0.183333,194,13,119,3,28,False
2016-04-28 14:00:00+00:00,2347167796,86,14,0.233333,326,14,119,3,28,False
2016-04-28 15:00:00+00:00,2347167796,89,17,0.283333,283,15,119,3,28,False
2016-04-28 16:00:00+00:00,2347167796,80,14,0.233333,174,16,119,3,28,False
2016-04-28 17:00:00+00:00,2347167796,79,13,0.216667,178,17,119,3,28,False
2016-04-28 18:00:00+00:00,2347167796,127,25,0.416667,1067,18,119,3,28,False
2016-04-28 19:00:00+00:00,2347167796,71,8,0.133333,69,19,119,3,28,False
2016-04-28 20:00:00+00:00,2347167796,79,13,0.216667,130,20,119,3,28,False
2016-04-28 21:00:00+00:00,2347167796,67,5,0.083333,43,21,119,3,28,False
2016-04-28 22:00:00+00:00,2347167796,90,14,0.233333,380,22,119,3,28,False
2016-04-28 23:00:00+00:00,2347167796,57,0,0.0,0,23,119,3,28,False
2016-04-29 00:00:00+00:00,2347167796,57,0,0.0,0,0,120,4,29,False
2016-04-29 01:00:00+00:00,2347167796,58,1,0.016667,8,1,120,4,29,False
2016-04-29 02:00:00+00:00,2347167796,57,0,0.0,0,2,120,4,29,False
2016-04-29 03:00:00+00:00,2347167796,57,0,0.0,0,3,120,4,29,False
2016-04-29 04:00:00+00:00,2347167796,59,1,0.016667,17,4,120,4,29,False
2016-04-29 05:00:00+00:00,2347167796,57,0,0.0,0,5,120,4,29,False
